ID,City,State,Year,Severity
61838b55-027b-44d0-ac62-6307976c18d3,Chicago,IL,2021,Murder
67276661-2142-4d61-a1b3-e91fa308017c,Trujillo Alto,PR,2021,Murder
3689669c-d958-4867-ae93-05ededb76876,Atlanta,GA,2021,Murder
4315d0db-800e-41e6-88b5-40c41e254db8,Jackson,MS,2021,Murder
457ba3eb-4df2-4768-a7e2-6cbced9b033b,Baton Rouge,LA,2021,Murder
ff5b32d3-4ef2-4a05-9891-ab168ea41062,Miami,FL,2021,Murder
c550958f-8d76-4a31-a4e0-934de60c749e,New Wilmington,PA,2021,Murder
02fea4a3-4858-4c89-818a-6e2c2bfacdef,Ambridge,PA,2021,Murder
6ea96146-2a2b-42c3-9297-571891bd8d8b,Jacksonville,NC,2021,Murder
d69c7d42-1af3-42a2-9c99-4c26e5bb3427,Cincinnati,OH,2021,Murder
2ac91133-bebc-4297-9010-eb8638b1299c,Los Angeles,CA,2021,Murder
4f878954-d805-4ada-8e5d-1eae28db9e2b,Charlotte,NC,2021,Murder
1fc1d8f5-ed59-4208-ba37-1f31056f5921,Springfield,MS,2021,Murder
1cf4436c-c852-434f-aa26-9370a3e5e01e,Charlotte,NC,2021,Murder
f2f804b2-813d-4adb-8441-ca1e0bd8c663,Chicago,IL,2021,Murder
d0d1099a-6df2-428e-a777-0e1eee1920f4,Milpitas,CA,2021,Murder
ef3bd72d-e4a5-450e-9e2b-c70f58d5ea40,Houston,TX,2021,Murder
86dcea3d-1f76-4f54-a61f-81ff2660cf0a,Dallas,TX,2021,Murder
a0e93dd4-e881-415d-9f37-92d2488d0b26,Clearwater,FL,2021,Murder
55f3087c-b81f-4fe7-92f3-1c5a176cfcfa,Boston,MA,2021,Murder
b8d8cc9d-0b8b-49c6-ba7a-98543bd457f9,York,PA,2021,Murder
16cf7488-2529-42f1-acf8-45acd8b867c6,Atlanta,GA,2021,Murder
cb6d2af4-a6bc-4a2c-8cd5-6250f525a292,Baltimore,MD,2021,Murder
53595796-d323-44f6-a205-33b7202799f2,Albany,GA,2021,Murder
ad3b3e65-e23a-4eb6-bc9b-d372f69d2431,Gervais,OR,2021,Murder
57b921ec-e967-400d-b0d9-db2c84c3fb68,York,SC,2021,Murder
3d6baa13-3ede-4ac5-8461-3e085126a5c7,Niland,CA,2021,Murder
8f37fa6b-7cd3-416f-a21d-7f4727482c6f,Lynchburg,VA,2021,Murder
0494be9e-e74c-4d59-9d33-23d53f500655,Port Arthur,TX,2021,Murder
1b5f15d3-b148-424e-af3b-cf6e47eefd9c,Suitland,MD,2021,Murder
dc76727c-0562-44de-ae90-8a8a3a767b04,Trenton,NJ,2021,Murder
9580b73c-0f83-45c0-83f7-23c04ce84059,Cleveland,OH,2021,Murder
1bc9c2ea-0d4d-49e5-8611-6696e0c3a9a3,Dallas,TX,2021,Murder
2956c32f-c249-419c-90fe-99f3b84d47fe,Shreveport,LA,2021,Murder
5a284f1d-5513-4af6-993c-5e3823275d72,Chicago,IL,2021,Murder
9e625a25-9d1e-46ff-accd-37b2ffbc3211,Chicago,IL,2021,Murder
b7a0534c-8f79-4826-aa8d-4ea4eecba464,Arlington,TX,2021,Murder
2e0f1748-daa5-4cc6-adc2-01aa3451f4ff,Jackson,MS,2021,Murder
2338b1dc-3d92-4a98-9f29-8338d0fe9428,Miami Gardens,FL,2021,Murder
dd0052e5-39f0-417d-a1ec-c103acf4c6c1,Maple Valley,WA,2021,Murder
cc0492ce-02fd-4c24-94b0-9a6c368b08a5,Boise,ID,2021,Murder
0de1a178-ef68-49a7-9bf0-22bed6373ec2,Banks,OR,2021,Murder
7626ea66-559f-44cb-a272-1c061d805343,Centralia,WA,2021,Murder
9e6b7af9-e339-493f-ba11-fd83e4400eb9,Greenville,SC,2021,Murder
4d5ccdcf-abfa-4a2d-bd2d-88b2c3228e8f,Tampa,FL,2021,Murder
1fd68ff8-27a1-4d52-8e9c-7a07026c7674,Aliquippa,PA,2021,Murder
afb75539-38a8-4926-b210-b48da98ff7ce,Memphis,TN,2021,Murder
25892852-5753-4170-a70b-4733e9cad241,Flaherty,KY,2021,Murder
5722c083-f733-4ee1-82c2-6c040965857e,Oakland,CA,2021,Murder
bad2143f-bc17-42f2-aec1-f032b6cec390,Indianapolis,IN,2021,Murder
78c2c8c7-4057-4f66-b4d2-4e68a46af716,Houston,TX,2021,Murder
d13a2884-83a1-4f83-b526-312b8dfe7b7d,Albuquerque,NM,2021,Murder
e1736feb-ae02-4511-be03-bdb49603a6e8,Arlington,TX,2021,Murder
89e8675b-e74f-44b3-a3a7-96a83b4cd228,Baton Rouge,LA,2021,Murder
51864015-9f36-473f-b8c1-db082f214a5b,Houston,TX,2021,Murder
698d91c7-c750-4efd-8f47-a07eae6623e1,BossierCity,LA,2021,Murder
55281b7b-1f7e-43d1-bbda-dc16c959b6d1,McAlester,OK,2020,Murder
9732271e-f93a-442c-8b4c-10830fedae69,Toa Baja,PR,2020,Murder
03aa3372-32d3-4333-8d43-fcbd9e2c4991,Moca,PR,2020,Murder
acfbc3e0-574d-472d-85f7-896ee80b358c,Augusta,GA,2020,Murder
b55a1ca2-54bd-4eef-b8a1-df018b48778b,Charlotte,NC,2020,Murder
6d7a5c61-f9d1-4c1b-ae2d-eb997236feba,Harlem,NY,2020,Murder
7edda6bf-9c24-4888-ba7a-0645f9fe68ae,Baltimore,MD,2020,Murder
73590852-4303-4452-b846-dd38171e17a1,Bayamon,PR,2020,Murder
50e3d5b6-9649-4e54-8477-bf6a2d516337,Traveling,PR,2020,Murder
89d94d3f-f230-4b3c-9714-00e8fa0202ad,Traveling,PR,2020,Murder
36a92d7c-5cf0-4fbb-9464-59c9ffaec8c4,Sikeston,MO,2020,Murder
fda448cf-80db-436c-a9ba-1dae12f68d68,San Antonio,TX,2020,Murder
0a9fbb58-63c8-4aaa-a714-cb5d4c3da8eb,Mesa County,CO,2020,Murder
0421a542-6bdb-4b4b-be51-b59c6807dc05,Tallahassee,FL,2020,Murder
7c172e7b-5f6c-41df-8dac-0a745e8dc01a,Chicago,IL,2020,Murder
4cc28c43-ff01-4e33-a585-5aa6c0639696,Philadelphia,PA,2020,Murder
b8569233-ec6a-4fce-a300-2e2e11998b86,Liberty Township,OH,2020,Murder
0ca11a21-e726-43c0-a638-c60593327b4f,Akron,OH,2020,Murder
34405c02-3bc4-4946-97a1-222425e0e259,Little Rock,AR,2020,Murder
be96e0c1-be6f-440b-b3c3-34c7d4343bba,Dallas,TX,2020,Murder
b38c5287-f82a-4b9f-a4a4-380e318e6ac9,Amite City,LA,2020,Murder
e6e92c8c-33d8-4941-9257-724392367b53,Pompano Beach,FL,2020,Murder
2f7283c4-86a6-4141-9bd3-41227673427f,Seattle,WA,2020,Murder
a8a71f67-4e9f-4ea9-821a-d13f6b2cd333,Brawley,CA,2020,Murder
f43d9fb0-3215-4601-ab46-fa6c4ddeed31,Bronx,NY,2020,Murder
c186466d-769b-4be5-bf1a-6ea8cb4fdffe,Baton Rouge,LA,2020,Murder
74877af8-d42e-4b8d-b849-6a3d681c0415,Portland,OR,2020,Murder
004122a0-36e9-414c-9ea9-1d3ec555ed56,Lafayette,LA,2020,Murder
fd6e39d9-4dea-4aab-9f44-d00b912f5f3c,Cleveland,OH,2020,Murder
88845a98-01f5-4031-9440-72818d1f8146,Independence,MO,2020,Murder
a749db32-b80c-4ea8-8df8-c9b96b5d14d1,Philadelphia,PA,2020,Murder
2bf2a396-dd73-42d6-85fe-2108bf52ac23,San German,PR,2020,Murder
5f51a646-d15f-41fa-89e0-98e3b69fb09e,Augusta,GA,2020,Murder
220a5b46-0aa1-467a-8667-a4f9266f45b5,Shreveport,LA,2020,Murder
318aebe6-434f-4d42-ac99-f2225bbd8c8d,Indianapolis,IN,2020,Murder
9cf0d96d-d103-4e06-92db-8c6264ccce60,Memphis,TN,2020,Murder
fd388328-05f9-4242-b3a6-5d3446e931e7,Miami,FL,2020,Murder
dc497a71-0c9f-4801-bc09-13be00c77c2d,Montgomery,AL,2019,Murder
eb1d8461-7d45-46ea-a275-2f6b7a41e46e,Memphis,TN,2019,Murder
925acd91-f9cb-4734-af08-1c1d02d045e8,Prince George’s County,MD,2019,Murder
728a8174-78b0-4d30-a171-a384899cf861,Cleveland,OH,2019,Murder
2b657adc-a334-4848-a9c5-b1e294f30a71,Dallas,TX,2019,Murder
62d07997-dda3-4876-b05d-b24aae9f5467,Philadelphia,PA,2019,Murder
a38390f8-500c-42ff-bcf1-08d9699b1415,Detroit,MI,2019,Murder
6de51e6d-dbec-453a-b059-9dc5d177877d,Dallas,TX,2019,Murder
b3c534aa-bc00-436e-b6ee-4f4bb733a357,Lumberton,NC,2019,Murder
16c9d55a-3617-4888-bf32-46906e7e98a2,Prince George’s County,MD,2019,Murder
38481192-fe82-49c1-86d1-175eb76ecd23,Kansas City,MI,2019,Murder
d0c96af6-8d1d-46ca-81fe-cc4dfe143a03,North Charleston,SC,2019,Murder
063c0a67-4356-475a-9ba7-9330448c35c3,Houston,TX,2019,Murder
290dc46e-ef4f-4b3a-a4bc-8eb7ff4210aa,Miami,FL,2019,Murder
8e46aa08-12c6-4582-9c9c-997ec8412c99,Charlotte,NC,2019,Murder
236ab04f-b162-40de-af23-b54ed2a932fe,Allendale County,SC,2019,Murder
615aec90-1dcf-4e71-bb21-879b71c6cc91,Dayton,OH,2019,Murder
74ee71d6-a45a-4a7b-8761-9584a9f700d5,Baltimore,MD,2019,Murder
dcb29164-e6e6-4e87-a1cd-6db6d7f02df1,Clewiston,FL,2019,Murder
81c7956e-a841-4e65-aef3-4b4b407ec2c0,Kansas City,KS,2019,Murder
77af10dc-375c-4d2a-aed2-d3d7aca811f9,Houston,TX,2019,Murder
c721fa1e-dbe6-4923-bd1d-356f11071ca7,Kansas City,MO,2019,Murder
31b8b25c-545a-4a7e-bfd7-0968df1cd907,El Paso,TX,2019,Murder
3ce2f2ed-ae0d-42ef-beb3-7b336f4fa0c5,New York,NY,2019,Murder
0a38b2d3-e014-43e3-b436-4d06643860b3,North Adams,MA,2018,Murder
da098e73-8483-4594-b895-9256bfe11bf5,Los Angeles,CA,2018,Murder
90ac1907-d0ac-43a9-a566-c0a6707e91ef,Jacksonville,FL,2018,Murder
7b43cb10-8713-4bb0-b45d-a392ce3eb106,Buffalo,NY,2018,Murder
08b4f28d-a7d7-4a3c-a0e3-2c0d6d70a573,Albuquerque,NM,2018,Murder
bbdd93e7-0467-486b-a7a2-25f5b88248ec,Cleveland,OH,2018,Murder
a3a70312-3a85-4b5d-aa27-f52866785dfe,Baton Rouge,LA,2018,Murder
06aed52f-bc75-4b85-8396-ed26cfa94a8b,Chesterfield County,SC,2018,Murder
3169c883-7411-4a94-96f1-b85c0198ed14,Dallas,TX,2018,Murder
79d5a76f-77c7-4c2e-86f9-c20db437bc30,Atlanta,GA,2018,Murder
4ba86235-8732-412f-af37-83007de60414,Portland,OR,2018,Murder
c01231f4-5ce2-4459-a46c-6b1ca064e2db,Jacksonville,FL,2018,Murder
f035b95d-c9b4-496d-8a6c-c60299086817,Meridian,MO,2018,Murder
805d3a08-0968-4165-b212-495fa8c42348,Cleveland,OH,2018,Murder
e489dca9-9778-4ae2-98ae-240e344b0df9,Jacksonville,FL,2018,Murder
7cc22f5d-457b-4105-ad9e-93cc090dc175,Orlando,FL,2018,Murder
4bf01cb4-7050-4a35-bb68-e58ac7e617bf,Chicago,IL,2018,Murder
d37ae113-fb82-4224-9699-270061dfc91c,Shreveport,LA,2018,Murder
5a74c7a4-aee4-4385-9ee1-7661f3dd3a67,Philadelphia,PA,2018,Murder
c47e1d29-6fcf-4052-835d-37261059dca6,North Port,FL,2018,Murder
557f1237-2168-40b0-980d-44d3b87902be,Laredo,TX,2018,Murder
1271cc30-6984-4cf7-ab31-8cb170b8344f,Chicago,IL,2018,Murder
a05117bb-2301-4a99-949a-f4f081a1cf6c,Albuquerque,NM,2018,Murder
60779c59-0e39-47ac-8eb0-d3c1aaff936a,Jacksonville,FL,2018,Murder
4ec281b8-55a3-4a37-af97-46a159b31bf3,Alexandria,LA,2018,Murder
7fe97aa6-5afc-4c87-84c9-eb1acab47287,Oklahoma City,OK,2018,Murder
c3c3fea5-8bcc-42cb-8cf0-ebdb28923dfc,Houston,TX,2018,Murder
9b966758-26db-4bdd-8842-55cbfb00fbd5,Englewood,FL,2018,Murder
8fe11dc7-f950-485b-8065-2f5632f26dca,"Canton,",MO,2017,Murder
6d1128e7-204c-4a5b-b849-af1510fe8e26,Sharon,PA,2017,Murder
b2dc88f1-52c2-488d-8781-9bc5850ce77e,Sioux Falls,SD,2017,Murder
aa9d21da-a6b9-4fb7-9c00-c3ebdf6cfd0b,Toledo,OH,2017,Murder
cddbfe51-ef5b-40b0-b9b6-594ebc2c684b,Monroe,LA,2017,Murder
eb540b64-0c60-4d57-abe6-94978a86e199,Chicago,IL,2017,Murder
df3a1dd2-4add-4c72-b20a-3e716b23181b,New Orleans,LA,2017,Murder
e634d306-a88d-4637-bbdb-b213deffef09,New Orleans,LA,2017,Murder
c2a72385-dd94-498c-a8cc-7ea6ad2deb87,Baltimore,MD,2017,Murder
2345fb21-4bd5-4b34-b396-e2c08648e67a,San Antonio,TX,2017,Murder
8fa8dcc8-f8a2-42b4-a407-aa80e4240c55,Miami,FL,2017,Murder
7a91cf62-8824-4c60-b8fb-355e15c33a42,New York,NY,2017,Murder
c30ddae3-3b54-4918-9aff-24a41aa64051,Charlotte,NC,2017,Murder
a8d05fe7-7c38-43fd-bd38-62463e089806,Ithaca,NY,2017,Murder
477a1408-8d90-4204-be33-d4f2961a199d,Athens,GA,2017,Murder
7f5ec010-ca86-417b-b8b5-69e5d1e6d22d,Lynchburg,VA,2017,Murder
c5e62acc-b967-4816-acef-62158e03e5a0,Atlanta,GA,2017,Murder
5ca6ce20-2876-4a08-8802-23f2d69233fc,Waxahachie,TX,2017,Murder
0b0dbc1f-403b-4740-a037-7b0b7d4f5c68,St. Louis,MO,2017,Murder
56163342-5240-42e5-9bbd-ac8dfd284411,Gates,NY,2017,Murder
d52c7ae3-ab6c-44a6-813f-9ba695c0344a,Charlotte,NC,2017,Murder
2c150c10-6101-429a-b69a-b1fc41a56bd1,Springfield,MS,2017,Murder
43e8ba97-9204-4854-9320-a92fb082812e,Atlanta,GA,2017,Murder
891ab0da-f68f-4cad-9b66-28c9f7a45440,Robstown,TX,2017,Murder
6162fe3b-bb36-4b72-b4fc-b8a08296c629,Macon,GA,2017,Murder
fbf56589-62d7-4f31-b74d-d25095139111,San Francisco,CA,2017,Murder
5ed61750-017b-4184-ba95-1ceb98f94494,Austin,TX,2016,Murder
2d94958b-91bd-4f7c-a35b-08fb5af949f7,Bakersfield,CA,2016,Murder
3fa126ab-b919-47f6-bdc8-ebf79c1a6d4c,Frankford,PA,2016,Murder
0035e252-3937-443e-be96-dfa3b9f85149,Baton Rouge,LA,2016,Murder
6e529770-d96e-40d9-af53-029f42e85816,Burlington,IA,2016,Murder
57f59e9c-c90b-40c7-ba19-dd946bc137b8,Los Angeles,CA,2016,Murder
5a8edb58-2831-40ea-be76-fe0fff528204,Houston,TX,2016,Murder
27545981-0cde-43b9-9e76-11d6d088fd07,Montgomery County,MD,2016,Murder
0a7916c3-2bbc-4a22-83ee-a3526ac55529,Wichita,KS,2016,Murder
aa3f8f32-07b4-4071-86d0-5e76a7c44cc4,Haines County,FL,2016,Murder
2e2d0ce3-17e6-426a-8070-34f579f9d2ce,Milton,VT,2016,Murder
adf8b9ab-87d4-4718-b3a7-1f3e6ee9865f,New Orleans,LA,2016,Murder
b386aa13-7eec-4128-aa27-b88383ac7c66,Washington,DC,2016,Murder
0108b00b-8370-4d75-a239-31225a035155,St. Martin,MS,2016,Murder
effb1324-2ef6-4750-a18c-7cc3b1ce4eff,El Paso,TX,2016,Murder
7e818cd9-9a6d-48ed-bcd1-840464628f64,Columbus,OH,2016,Murder
891e612f-462d-41ab-8c7d-63f6fa547cc5,Chicago,IL,2016,Murder
69c9baf5-cfc3-4da0-934c-2ce2bff2a723,Baltimore,MD,2016,Murder
d1e1f29d-991a-4b22-82ca-1c68ed75d0ef,Birmingham,AL,2016,Murder
2629f64c-cc61-44d7-a63d-24f6b33985a5,Cleveland,OH,2016,Murder
60fe1514-effb-487d-92a2-fa885b146f23,Richmond,VA,2016,Murder
412edca7-dcf1-4781-9997-b219b9cfd77e,Louisville,KY,2015,Murder
0e675380-523e-40e4-91d8-dc867a73b8b7,Norfolk,VA,2015,Murder
557cabee-3fa8-49c8-ac3c-b36d2c52b4d4,Tyler,TX,2015,Murder
0fafdbad-7bba-48a0-9528-2f3b9b531670,Los Angeles,CA,2015,Murder
deabd767-e375-42ac-8eb3-06643173205f,San Francisco,CA,2015,Murder
b6caab5f-4e9b-4e2f-9b2c-895fdef17ebb,New Orleans,LA,2015,Murder
288e43ab-d897-4412-96cb-37aa164cc367,Miami,FL,2015,Murder
e48557ef-46f6-4390-831d-dcd305ad4902,Aurora,IL,2015,Murder
31c446f2-9b87-408e-b738-67712df31182,Philadelphia,PA,2015,Murder
3cf38de5-0de7-4154-bf79-5c6b1c3bcc7c,George County,AL,2015,Murder
149379b4-588e-4599-bda6-8a920f586b30,Kansas City,MO,2015,Murder
c508693f-85d1-4742-bdef-bf710ad78814,Detroit,MI,2015,Murder
259c84d7-485d-474e-95c4-93fb60532d9d,Tampa,FL,2015,Murder
6b710120-0df0-4833-b542-8541e9d3866d,Fresno,CA,2015,Murder
c06ef286-e6af-49a8-b4f0-7eb663f38d28,Dallas,TX,2015,Murder
dfb9756e-3f39-4623-9e7e-4f01df7d290c,Detroit,MI,2015,Murder
5ba50403-d07c-4e46-a0ae-6909fa0552db,Phoenix,AZ,2015,Murder
415f0e8a-ab1b-47f2-bd06-6068ee3ca851,Salisbury,NC,2015,Murder
edc9e838-5357-4979-b1eb-791c5796c2b3,Kansas City,MO,2015,Murder
dc98e563-f9bf-4311-84a2-4914185f567c,Philadelphia,PA,2015,Murder
27d38c11-efe3-430d-ae35-311fea710a58,Gathersburg,MD,2015,Murder
5c7ef04d-7e69-4bc6-84b6-68ebd00b45ef,Oakland,CA,2015,Aggravated Assault
774aa00f-5b0e-4141-94d4-ea1d1a1af175,Fresno,CA,2015,Murder and Nonnegligent Manslaughter
5f42814b-2c04-4f07-8e94-bbb87c5f181b,Fresno,CA,2015,Robbery
843a6f40-1dac-4ed6-be71-63a0d8ba0358,Glendale,CA,2015,Simple Assault
a2bdeb78-0ad8-4dec-904d-dcf863004150,Los Angeles,CA,2015,Intimidation
607583b3-f4f6-41d5-8464-152454de3310,Los Angeles,CA,2015,Simple Assault
dceb3706-1856-40b8-8529-f4388906bbc5,Los Angeles,CA,2015,Aggravated Assault
96caa7a5-e610-426f-81ca-d7974eaaf0e1,Los Angeles,CA,2015,Simple Assault
ef8da1d5-3fc2-4fe2-b794-54de5bbc652e,Santa Monica,CA,2015,Aggravated Assault
dd011522-145d-41d2-a77a-2a13c167395c,Fullerton,CA,2015,Intimidation
109c1751-38ef-40d0-9d08-b9da33a4a65a,Huntington Beach,CA,2015,Robbery
efd389fd-8731-42f3-ad2e-dae3235c1a02,Santa Ana,CA,2015,Simple Assault
f1157487-5b23-4cd0-88ac-dc2ec71ee7e8,California State University:,CA,2015,Intimidation
f12b88d1-8a6f-4b03-a44b-5c483ebd2a3d,Sacramento,CA,2015,Aggravated Assault
2fe95d55-38d2-4ea1-ac8d-17c1212f72db,Victorville,CA,2015,Robbery
15e265cf-23cc-410f-8093-fa870172be6c,San Diego,CA,2015,Robbery
79d58313-b71e-479a-a941-1fd91bab73af,San Diego,CA,2015,Intimidation
793bc5f9-551b-4da5-bdd8-88f6864b53de,San Diego,CA,2015,Intimidation
9c2721f1-9a4f-4e3b-ba50-4f3e5861f351,San Francisco,CA,2015,Aggravated Assault
a817bec6-9127-4863-a2ba-942a091d2eed,San Francisco,CA,2015,Simple Assault
14d99db4-e90c-45b8-9824-c18e3af0c507,San Francisco,CA,2015,Aggravated Assault
07db4666-9cb4-4fe6-a57e-519496a21ea6,Stockton,CA,2015,Aggravated Assault
474894a8-66ec-4506-b1f4-46c147359d40,California State University:,CA,2015,Not Specified
eed3238f-47ea-4e61-a7c1-5ca3c2ac67dc,Santa Cruz,CA,2015,Simple Assault
71de94a3-f24b-4f97-91c1-a5e8193c8aa8,Boulder,CO,2015,Sexual Assault With An Object
6b55a1ab-bb03-42cc-9629-71990a199897,Jefferson,CO,2015,Destruction/Damage/Vandalism of Property
0d3e8b83-aa54-43c7-b9fb-17cbf5dadbfc,Loveland,CO,2015,Intimidation
de979d3c-9a63-447c-a73f-6de39393aa43,Washington,DC,2015,Robbery
a7cd7e56-902e-4b6c-a63f-07044fe57241,Washington,DC,2015,Aggravated Assault
ff46d937-aa50-4722-8ac9-c1af7e383220,Washington,DC,2015,Simple Assault
bfa97ed3-f34c-48ac-a76f-a327042da083,Washington,DC,2015,Intimidation
e3707a85-05bc-4302-b51a-b4da2dc44acc,Washington,DC,2015,Simple Assault
2977d4b8-7f68-4a9b-8227-4ff6ed79ec56,Washington,DC,2015,Aggravated Assault
81097329-52d1-40c9-b250-c79f0e85ac00,Washington,DC,2015,Aggravated Assault
64d8025c-9ac5-4051-8f72-0fe738da717d,Washington,DC,2015,Aggravated Assault
90226a7f-c3c4-491c-b0be-04ef1afe08f3,Washington,DC,2015,Simple Assault
9d1d4b7b-7e06-4bbe-bf18-c4955602991c,Washington,DC,2015,Aggravated Assault
c4906952-7009-4f36-80a1-7c976a2de131,Miami Beach,FL,2015,Simple Assault
3fb57e43-40f9-4836-bd0b-a2a59261c6cc,Des Plaines,IL,2015,Destruction/Damage/Vandalism of Property
43982e2f-9dcd-4a96-9d9b-11406a8f9622,Chicago,IL,2015,Simple Assault
c3f833a8-01bc-4195-a93d-92795de4669c,Boone,KY,2015,Simple Assault
8b264786-1848-4e0c-a85b-accbf4f1d01a,Norton,MA,2015,Theft From Motor Vehicle
72980c13-f683-4d68-bd4d-6e8f29b62d9e,Acton,MA,2015,Simple Assault
7db6cfce-1af1-479e-8cdb-bdd87462faf0,Lowell,MA,2015,Intimidation
437d13d7-6562-4d75-b81b-deca68b323a3,Newton,MA,2015,Theft From Building
d81fca04-36bf-4252-9d0c-54405cd03c52,Waltham,MA,2015,Simple Assault
938d65dd-5cf6-4318-97c9-1b6f73fb548c,Quincy,MA,2015,All Other Larceny
584e4af3-d83e-4aaa-9a41-9280ce413cb6,Boston,MA,2015,Intimidation
b27da339-806a-4223-9b02-f5a63de3f760,Boston,MA,2015,Aggravated Assault
5fb63d30-f4f3-4a78-bffd-4e7754ae729f,Boston,MA,2015,Simple Assault
dc64af6f-c64e-46a3-870c-50256f1774dd,Boston,MA,2015,Intimidation
4920bf03-316a-43aa-af46-5b70aa14ad8f,Boston,MA,2015,Aggravated Assault
540bc916-d347-44dc-8709-9fc16a6a6f3a,Boston,MA,2015,Intimidation
fdcd7db5-ccae-4d40-838c-c431b9a1ec8e,St. Peters,MO,2015,Burglary/Breaking & Entering
156b5300-1174-4697-ac3f-4c9db422b696,Kansas City,MO,2015,Aggravated Assault
a5a0c23b-80e9-4857-8c8a-99f2e96b934b,Lincoln,NB,2015,Simple Assault
9044bb97-4eac-415d-93a2-7f7bbbd7ea7b,Rochester,NY,2015,Simple Assault
2e0fb955-ecce-4dc0-a052-86d4641b071d,Reading,PA,2015,Simple Assault
feaf081b-41a9-46d6-baa7-713c2172d4a7,Memphis,TN,2015,Simple Assault
425429a4-0e44-4e45-b0f5-1d0daeab4d0a,Austin,TX,2015,Simple Assault
fe16bb28-1b6b-4f10-8b35-18125931d3b0,Austin,TX,2015,Intimidation
0112ef1d-f804-4700-b930-2a55e092bcb6,Dallas,TX,2015,Destruction/Damage/Vandalism of Property
ec95d04f-7ca3-4523-ac12-d9cf5c3c8849,Dallas,TX,2015,Intimidation
ee197239-7cea-4a41-8132-232e791fcf08,Houston,TX,2015,Simple Assault
ee51f184-035d-4d2b-925b-c4f0f5d626db,Windham,VT,2015,Destruction/Damage/Vandalism of Property
8f56abd9-4523-4ef6-b7ac-1ff514d339c3,Republic,WA,2015,Fondling
f996b664-975d-436f-a8a0-9160a92284b4,Seattle,WA,2015,Simple Assault
babefe66-5926-4b67-8288-e0400e14753e,Seattle,WA,2015,Intimidation
b7f22f08-cf37-4443-a095-faf0562fb59f,Seattle,WA,2015,Intimidation
a4023219-26d1-4945-8d3a-e364bf10c00a,Seattle,WA,2015,Simple Assault
f7f3c896-9b49-47f2-be59-cf4988e67e96,Seattle,WA,2015,Simple Assault
b04abd3a-a60b-40f3-bf2b-fb34d2854893,Seattle,WA,2015,Simple Assault
e510a2c0-d40d-4ce6-8cdb-c37adc378694,Seattle,WA,2015,Drug/Narcotic Violations
b3f9a163-e0b4-4ece-ba08-732925ee9c42,Little Rock,AR,2016,Simple Assault
f86f8792-428d-49b4-968d-5134e24d01e1,Compton,CA,2016,Aggravated Assault
02fa12a8-4120-4d81-85c9-4bdb5815a8e1,Hawaiian Gardens,CA,2016,Aggravated Assault
d7be6502-0427-496c-98b0-86e3f4d2750e,Los Angeles Transportation Services Bureau,CA,2016,Simple Assault
7051826c-0ba5-4c52-970a-adff14917a99,Long Beach,CA,2016,Aggravated Assault
63d908cf-3fe8-43d0-829d-67b7066173a5,Los Angeles,CA,2016,Simple Assault
999a6bff-ac11-4340-9998-b6d118974e81,Los Angeles,CA,2016,Intimidation
6317d365-4159-438b-a3bc-8cac486eb4a9,Los Angeles,CA,2016,Aggravated Assault
e50bc99b-e610-4e6a-84d7-9b7fd0243367,Los Angeles,CA,2016,Burglary/Breaking & Entering
c80fe3ad-83f2-4118-990e-656e88a9d5f7,Los Angeles,CA,2016,Aggravated Assault
24ba2b53-1bae-430b-ac98-4f9ae90c437f,Los Angeles,CA,2016,Aggravated Assault
47df54ab-7242-461d-a1a0-b86564ffbc2a,Los Angeles,CA,2016,Robbery
a8061e09-7e14-4f78-bd87-dd8efdce3568,Los Angeles,CA,2016,Simple Assault
edad7949-bd44-4115-8594-3d2b37775f89,Los Angeles,CA,2016,Aggravated Assault
cf2ace80-6790-42fd-9949-0da544491edc,Los Angeles,CA,2016,Aggravated Assault
028aebb0-7873-438c-a42a-a04768d86641,Los Angeles,CA,2016,Simple Assault
770b305a-3512-4f25-bfdd-39792a05c6e3,Los Angeles,CA,2016,Simple Assault
90606660-b6d8-48f3-9777-10239fd2d3dc,Merced,CA,2016,Arson
f17ef3b3-d6ee-46ce-b7cf-ba3e845b0e8d,Riverside,CA,2016,Simple Assault
8aa3543b-e083-431b-b81f-84f8c14fb110,San Bernardino,CA,2016,Aggravated Assault
68edb83d-eb96-438d-bf54-dda2ffbbf060,San Francisco,CA,2016,Aggravated Assault
1b1fbca9-4e52-48e0-9209-3348cab5ecf3,San Francisco,CA,2016,Simple Assault
e8d0d98f-1ee6-4e19-80fe-858c7b8b9e2e,San Francisco,CA,2016,Simple Assault
2a2fee38-df59-4147-9bad-08ef35461c9a,San Francisco,CA,2016,Simple Assault
8f3c4187-7bf2-4345-9055-8f975f74b087,Foothill-De Anza College,CA,2016,Destruction/Damage/Vandalism of Property
4ddb09bf-b043-46ec-9878-c13dfd5cf2d1,Davis,CA,2016,Intimidation
8cfb0607-337a-45e6-83e8-feee22368919,Washington,DC,2016,Simple Assault
bd523684-958d-43a5-874c-d7ac929c30e4,Washington,DC,2016,Intimidation
59191b79-f443-4e7b-bf49-56e3b97c0334,Washington,DC,2016,Intimidation
2b896434-ae26-44fe-9bc0-b5b3d8afcc0d,Washington,DC,2016,Robbery
ad9d0b92-7c03-4204-8271-a46947677d4f,Washington,DC,2016,Simple Assault
a4872a21-698c-40cc-8361-913bda1aab73,Washington,DC,2016,Aggravated Assault
fddf171d-8756-4f9d-b3ff-56769500016f,Washington,DC,2016,Simple Assault
06b1d84a-1018-4d8b-9926-e3038b68ea03,Washington,DC,2016,Simple Assault
1096301a-96da-4aa2-bfd1-dc615d9ac6bf,Washington,DC,2016,Aggravated Assault
e868abee-97c9-41fa-b177-c6d330b797d7,Washington,DC,2016,Simple Assault
cf52a578-edf5-451b-a5a9-102adb0b3206,Washington,DC,2016,Simple Assault
cd02c2d4-4ce7-4e08-8f31-d1bdb4e067e6,Washington,DC,2016,Simple Assault
20611a62-d9d2-43a0-836e-a6ffac5ee01b,Washington,DC,2016,Simple Assault
e66cfd18-f416-489b-a34e-5c0f5b48d850,Washington,DC,2016,Simple Assault
5caa2a83-4188-4632-a906-43abe4d735bc,Washington,DC,2016,Intimidation
2314de6d-0439-4aed-b4f9-8bd316d60093,Washington,DC,2016,Simple Assault
5c89d554-85b5-44c0-9ab1-8a52129a11e6,Washington,DC,2016,Aggravated Assault
bb0140ed-4885-4555-a6b2-4dca2f718c9d,Washington,DC,2016,Simple Assault
86f6ba6c-769c-4f7c-a07d-c278d28e1462,Washington,DC,2016,Simple Assault
937c93b7-91c1-4266-9f29-2587b31ca6a3,Metro Transit Police,DC,2016,Robbery
89996b80-8012-4092-a58d-75e5f1df3800,Wheeling,IL,2016,Intimidation
65aa593e-e4d9-4f36-86c4-9da46f5ba8c3,Chicago,IL,2016,Intimidation
35ad9753-d611-4a8d-84ab-edd010709a85,Chicago,IL,2016,Simple Assault
5765916c-1ec6-489b-a794-8c4e8e9919d7,Glasgow,KY,2016,Rape
99a54de3-6e96-4278-a900-fffa773d2502,Radcliff,KY,2016,Intimidation
85506e0b-bfcf-4778-b831-aadcaa042f7b,Louisville Metro,KY,2016,Intimidation
e78e05e3-0e15-4f25-93c3-0827c5b4ea77,Acton,MA,2016,Simple Assault
792998bc-761f-4c3d-bea0-bc0d43d7e8b3,Boston,MA,2016,Simple Assault
c864b276-3250-47db-9b73-ebdbc5b13afa,Boston,MA,2016,Destruction/Damage/Vandalism of Property
27726952-e1f8-467f-beb0-51c430b6e0ed,Boston,MA,2016,Intimidation
c17ac6c3-8857-4057-9ea4-0b39503555b5,Boston,MA,2016,Aggravated Assault
9f6ca362-aacd-4318-b1ea-23ca364a197d,Boston,MA,2016,Intimidation
47071513-8cc6-48a6-909b-5e88c1e624a4,Boston,MA,2016,Intimidation
9236eb8e-b362-400e-b350-8e2622f5a2b4,Boston,MA,2016,Simple Assault
3168eb9a-fc8f-4dce-96c4-62598ae6039b,Boston,MA,2016,Simple Assault
8e962e70-f654-4a09-a54a-600aa1ce911a,Boston,MA,2016,Simple Assault
61044a8a-409f-4321-983e-256b5cc98eb6,Worcester,MA,2016,Aggravated Assault
ea7360c6-3152-4770-b439-95043c43551c,North Carolina Central University,NC,2016,Not Specified
a933616b-f5da-4b33-b54d-17947881f7e0,Greenville,NC,2016,Simple Assault
b4de8a93-a3de-461b-ab75-a639f768697a,Las Vegas Metropolitan Police Department,NV,2016,Simple Assault
2e4f5afc-1d76-430f-b623-5d7f00986d1d,New York,NY,2016,Simple Assault
ce31220f-00fd-4da3-9c63-41bda0974571,New York,NY,2016,Simple Assault
5334b54c-6801-42f2-b2af-21c8142d6b50,New York,NY,2016,Simple Assault
2ddac894-9e12-42aa-ac41-fe677c8b9f6b,New York,NY,2016,Aggravated Assault
740c0deb-2aa1-46e2-aad4-3e1b01fbc6e9,New York,NY,2016,Simple Assault
e1eb0364-3958-47ae-aa77-6efbf68b9a24,New York,NY,2016,Aggravated Assault
9b7a10e0-a60d-43ca-bd46-1efa7d2032c3,New York,NY,2016,Simple Assault
b5880b6f-668b-4e78-9136-b29892775e40,New York,NY,2016,Simple Assault
8464ee44-f344-4ce2-9a92-6795b03369af,New York,NY,2016,Simple Assault
1f09ea12-21ea-4656-b38e-746e3521b188,New York,NY,2016,Aggravated Assault
76040e91-4b54-461e-91a9-b8eb68d84216,New York,NY,2016,Robbery
70a49361-e76f-4406-a7d2-22e7c1c99ef3,New York,NY,2016,Aggravated Assault
7211ddb0-ad27-49c3-a4ca-b17168a48438,New York,NY,2016,Aggravated Assault
5123ca61-1f58-49f6-aa22-76f5c23dd993,New York,NY,2016,Aggravated Assault
ca2bb78a-0fd0-4139-a4cb-23a87809bbdd,New York,NY,2016,Robbery
d7875382-5516-4f6e-8d10-f16c03f63634,New York,NY,2016,Simple Assault
826ebdcc-b761-414b-affb-e00a10a19926,New York,NY,2016,Simple Assault
42f99f63-69fa-4d9b-9064-572384cb3d75,Suffolk County Police Department,NY,2016,Destruction/Damage/Vandalism of Property
0208f09e-99a3-4f96-88d0-71ce8bdc4066,Lorain,OH,2016,Destruction/Damage/Vandalism of Property
4c1243e2-193e-4fcc-85a3-7d9a7d19f00f,Eugene,OR,2016,Simple Assault
229ff8cc-e1ca-4713-b624-7a79291b6b03,Bedford,TX,2016,Kidnapping/Abduction;Robbery
36ae72bc-325e-472a-84d9-537375cd19d1,Bedford,TX,2016,Kidnapping/Abduction;Robbery
714ce31e-c4c1-4625-a2d1-b5e48a255d65,Bedford,TX,2016,Kidnapping/Abduction;Robbery
4cbdcb43-f3a7-490c-8222-9980211269c5,Bedford,TX,2016,Kidnapping/Abduction;Robbery
d6597648-1b17-44c9-8afb-a6b14f6701fc,Bedford,TX,2016,Kidnapping/Abduction;Robbery
0a7d1970-a049-4a51-8d4c-8ab89be04395,Austin,TX,2016,Simple Assault
a994e111-abf7-487a-8828-562c1269f84f,Houston,TX,2016,Aggravated Assault
3dd40c51-74e2-4ad5-93d3-4c4375ca2adf,Houston,TX,2016,Simple Assault
e8f52300-4153-436e-8653-47c62bef7570,Skagit,WA,2016,Simple Assault
775fc2ef-9ba8-4234-9731-da41a2ddbbde,Marysville,WA,2016,Theft of Motor Vehicle Parts or Accessories
5c93d998-1337-400f-81f7-ca27eb9fad2b,Evergreen State College,WA,2016,Destruction/Damage/Vandalism of Property
e51eceb0-1b9b-473f-8bd9-b0df4e9430b5,Seattle,WA,2016,Aggravated Assault
2d2eb7a4-44bc-4356-9e3c-2472a66c460e,Seattle,WA,2016,Simple Assault
b9c43286-9106-4854-9343-a025800ca972,Seattle,WA,2016,Intimidation
4a8ba1db-6239-48b1-ab3a-6fadcec8f49a,Seattle,WA,2016,Simple Assault
2fd7ceba-65a1-4fb3-b811-f2ffb437c804,Seattle,WA,2016,Simple Assault
7fff4686-8706-48ed-ac8f-9b517e3398b1,Seattle,WA,2016,Sodomy
b1da8c56-2bc5-46d2-b78d-76748e808a79,Seattle,WA,2016,Robbery
771bf75e-04c9-4c7d-8085-19d27fee12f6,Seattle,WA,2016,Intimidation
b5bef281-8d03-42e1-b751-92e69b9b6fa8,Milwaukee,WI,2016,Aggravated Assault
7cf8d1ed-0b96-4416-a111-12dde287d12c,Phoenix,AZ,2017,Intimidation
78e3ce65-c2da-4b33-9ec9-1f249f754a58,Phoenix,AZ,2017,Aggravated Assault
1e4d21d3-a7bc-4c7e-b8fd-b46c67d16dad,Brentwood,CA,2017,Intimidation
9ffa6bc3-8738-422e-965c-4157061fcff1,Fresno,CA,2017,Aggravated Assault
028d1dbe-6c80-4dde-9d69-212aa0f0a737,Los Angeles,CA,2017,Simple Assault
d560a9f5-5ada-4be6-8662-73a5734f1b5a,Los Angeles,CA,2017,Destruction/Damage/Vandalism of Property
29835c52-7ea5-4dd3-a6b7-c950fae5e573,Los Angeles,CA,2017,Robbery
159bb59b-a2eb-432c-a54d-3cae39ea914e,Los Angeles,CA,2017,Simple Assault
ea13d8b4-e3e1-413a-b233-47f1655f6531,Los Angeles,CA,2017,Aggravated Assault
bf90d3f3-81e0-49d2-ab67-ed55077e4ab9,Los Angeles,CA,2017,Simple Assault
13a24274-89e0-40b5-bbca-98207a8f4098,Los Angeles,CA,2017,Simple Assault
f2f9bd4f-1c86-495d-b711-d710229d8ffa,Los Angeles,CA,2017,Aggravated Assault
c7b562e8-aeb2-4f8c-b8bc-738126a418a1,Los Angeles,CA,2017,Simple Assault
3ad5a912-974a-4174-99c1-5e7512f5e653,Los Angeles,CA,2017,Intimidation
f54c061b-97e1-405b-a1b8-848474d1d9be,Los Angeles,CA,2017,Aggravated Assault
c1764aa3-31b7-4bc5-b8f3-4453d5c96c45,Pasadena,CA,2017,Aggravated Assault
0fcea408-1cf7-43bb-86ba-71b791c6a480,Pico Rivera,CA,2017,Aggravated Assault
cea420ec-5530-4190-99ee-45f0a4a0e1a9,Atwater,CA,2017,Simple Assault
28c2805e-4758-46df-9388-8faf906f900e,Garden Grove,CA,2017,Simple Assault
cc8826fd-411e-4a53-9c89-e48a485fb088,Sacramento,CA,2017,Intimidation
c6588832-e711-484c-821a-091aecf90939,Sacramento,CA,2017,Simple Assault
460c21e1-89e4-4615-a0f8-976e111e7f86,San Francisco,CA,2017,Aggravated Assault
a5360f94-025a-47ac-8a8d-c41315962833,San Francisco,CA,2017,Aggravated Assault
438ee5bf-7936-445b-bd72-c5c7655a1918,San Francisco,CA,2017,Intimidation;Simple Assault
ecd3baa4-92be-4176-86d0-c2388f721755,San Francisco,CA,2017,Aggravated Assault
5c105af7-87b2-47bd-85fe-87fc913c35db,Santa Clara,CA,2017,Robbery
11776402-c203-49ca-a432-dea06518e082,Santa Clara,CA,2017,Aggravated Assault
c8fb17dc-1794-448e-8f72-c106862935ee,San Jose,CA,2017,Simple Assault
a8dbc0e4-3ec7-4458-b125-8586a2aee262,Sunnyvale,CA,2017,Destruction/Damage/Vandalism of Property
de6f33b0-78a8-41cf-a55c-b221775848a2,Denver,CO,2017,Simple Assault
5e3cacbe-8049-421b-84d1-55dcbbd8e38e,New Haven,CT,2017,Simple Assault
4d131dc6-bbac-493f-b995-838e436ace9f,Washington,DC,2017,Aggravated Assault
24b88762-922e-4f9d-8bca-ff8aa5fc641d,Washington,DC,2017,Simple Assault
326b6888-ba6f-48af-984a-e6189005cbc1,Washington,DC,2017,Simple Assault
0a3b069a-fce9-42db-95f7-3e437ad8bcf9,Washington,DC,2017,Intimidation
0e388efc-593b-4575-a73b-461c9e10cd87,Washington,DC,2017,Simple Assault
2b259800-05db-430b-b2d8-9a8623e7f532,Washington,DC,2017,Simple Assault
d1ec145f-9a25-4335-8b70-b9d6329b994c,Washington,DC,2017,Aggravated Assault
eb98baa5-8bd8-4835-aab7-c3bdcb01cf98,Washington,DC,2017,Intimidation
def1da65-0551-401f-966a-47ea5b4e71c8,Washington,DC,2017,Intimidation
eb41ffd4-75a9-488a-9e1b-e5f44a4d67d3,Washington,DC,2017,Simple Assault
30d57225-fc8b-4bb7-855a-9551cefa9351,Washington,DC,2017,Simple Assault
5dfce49c-46d6-4467-8bcb-4620613aea54,Washington,DC,2017,Intimidation
3f544b51-b957-49f1-8a32-bba8305089d3,Washington,DC,2017,Robbery
f7549968-2727-4c26-ba4c-c60826661277,Rehoboth Beach,DE,2017,Intimidation
05c8b6dd-f960-4cfc-bf13-99fc951c37a5,Chicago,IL,2017,Simple Assault
0734552a-a6d7-4115-a54b-817a4ce0c159,Lexington,KY,2017,Simple Assault
88e5e542-2d8f-4853-b827-d1479d0c55c0,Paducah,KY,2017,Intimidation
b0741229-3cab-4e10-98aa-2585b6ae7001,Georgetown,KY,2017,Intimidation
5e93f91b-bd04-40cd-8848-418f90e62e54,Raynham,MA,2017,Burglary/Breaking & Entering
86bbc242-5a64-4bbb-bc4a-c21c4d073e94,Springfield,MA,2017,Simple Assault
694d2340-1037-4c63-962b-3be3a2ada736,Watertown,MA,2017,Destruction/Damage/Vandalism of Property
edae424f-aadf-4852-917c-3dd2ef138eb4,Braintree,MA,2017,Shoplifting
c79b5919-0e03-4fd4-a4fa-9b320c118973,Braintree,MA,2017,Shoplifting
d91ffb56-ffc7-4add-930c-4ce309a340ed,Boston,MA,2017,Intimidation
d904d6b5-9d6b-4f66-bcda-4a25233ac30f,Anne Arundel County Police Department,MD,2017,Simple Assault
527eb8b3-6bba-4a69-ba78-d950cf0acff4,Baltimore County Police Department,MD,2017,Destruction/Damage/Vandalism of Property
0e637693-efe8-4c5a-a0e8-68efb59146de,Baltimore County Police Department,MD,2017,Destruction/Damage/Vandalism of Property
4756687d-fda0-45b0-8e9b-ab452a89e0cb,Baltimore County Police Department,MD,2017,Destruction/Damage/Vandalism of Property
af559d6f-de92-4a74-8cd8-5ec178b66257,Baltimore County Police Department,MD,2017,Destruction/Damage/Vandalism of Property
d527c100-380c-4c4e-ac39-2bca79566162,Baltimore,MD,2017,Destruction/Damage/Vandalism of Property
1385ff22-c53b-4365-8a7e-4deda9db3ad2,Waldo,ME,2017,Intimidation
91af74fb-31fd-4709-b07f-39db794e0823,Sanford,ME,2017,Intimidation
222d9170-d431-442d-be31-e972307a5a3d,Kansas City,MO,2017,Aggravated Assault
42d26801-c98c-4cff-b886-d68e31a03977,Poughkeepsie,NY,2017,Aggravated Assault
10aede1f-f859-41fd-8dc5-d869ba347e20,New York,NY,2017,Aggravated Assault
a1ee0833-dcfc-45cb-b071-11fdb40cc2ea,New York,NY,2017,Aggravated Assault
3a16cfd0-60da-40fe-8ef9-0c135d079b6c,New York,NY,2017,Simple Assault
91fe88e0-41c5-4a84-823f-4c905e94a375,New York,NY,2017,Aggravated Assault
985e5922-debb-4972-be88-70763c3771c2,New York,NY,2017,Simple Assault
3115639e-eda4-4267-a127-cb1fddda2e9f,New York,NY,2017,Aggravated Assault
f5ece946-dbb0-4e81-a43a-768ffcc8b6fc,New York,NY,2017,Aggravated Assault
100176f2-b8a0-4507-98e3-444087cb7841,New York,NY,2017,Simple Assault
574c51a7-92da-4b59-9bc1-157a65937e66,New York,NY,2017,Simple Assault
06b095fa-d308-490a-b48e-ec42e494a758,New York,NY,2017,Aggravated Assault
8110d17d-1edb-451d-8c3e-beb72b47cc33,New York,NY,2017,Aggravated Assault
a17f0465-7167-4b9c-a3e2-c8aa478621ff,Suffolk County Police Department,NY,2017,Aggravated Assault
e898baaa-74c5-4678-ad6a-a525cb6bfe80,Greenburgh Town,NY,2017,Simple Assault
a3531ed7-d49b-438a-9633-7b15e5b6a401,"Springfield Township, Hamilton County",OH,2017,Simple Assault
683ebe1b-faa7-4142-8cc9-dd10f83982c2,Langston University,OK,2017,Destruction/Damage/Vandalism of Property;Intimidation
c211205c-25a7-44bd-ba62-d899a05d1c9d,Eugene,OR,2017,Destruction/Damage/Vandalism of Property
2af30850-c038-4569-b3ce-4862932978b7,Eugene,OR,2017,Simple Assault
48c45e8e-b398-4f2c-8862-90c118b256b7,Eugene,OR,2017,Destruction/Damage/Vandalism of Property
43ff9833-9a43-4379-996c-1ec7894ab801,Philadelphia,PA,2017,Simple Assault
c2489894-a300-4ded-9687-9a8584d69961,Philadelphia,PA,2017,Simple Assault
832f14d5-2e0a-43aa-9364-8d6b836b45d6,Plano,TX,2017,All Other Larceny
8abd692f-5153-429d-a9e0-3a38470209ad,Longview,TX,2017,Aggravated Assault
950c1db6-e465-4af1-bc4e-3eb28e66567a,Austin,TX,2017,Robbery
0efec90d-af95-4f94-8f6c-7c57021ca2a5,Houston,TX,2017,Aggravated Assault
c49f06c9-d54c-44ef-b546-287c14983092,Houston,TX,2017,Intimidation
d2b28c18-05bc-487f-aca1-4c0315609ed5,Utah Transit Authority,UT,2017,Simple Assault
13e8de84-ab8e-47a7-92d8-c432dccb9174,Utah Transit Authority,UT,2017,Simple Assault
2acdf922-ffb1-49bc-a3cc-0aa3992ee44b,Bellevue,WA,2017,Intimidation
5e939776-fa02-4a05-922b-f3442272de47,Mill Creek,WA,2017,Stolen Property Offenses
18c8fb67-3142-4fc3-bd72-263a7e477a6c,Spokane,WA,2017,Drug/Narcotic Violations
4b583823-3d3e-4830-8048-426ab3c48d25,Eastern Washington University,WA,2017,Intimidation
ba68905d-ec93-40dd-aa04-437964a155f2,Olympia,WA,2017,Aggravated Assault
13c9c4de-4515-4a67-8046-977a4a13c290,Seattle,WA,2017,Destruction/Damage/Vandalism of Property;Theft From Building
34e0f974-3542-4a3a-8722-a6e98b040616,Seattle,WA,2017,Simple Assault
404aaba0-0e64-4fc1-a13c-6f37ff1a883b,Seattle,WA,2017,Intimidation
ccf97929-602e-4623-8ea0-1a8a85e6ccff,Seattle,WA,2017,Burglary/Breaking & Entering
4fe4dd28-835b-4ebd-86f0-7d644933fd88,Seattle,WA,2017,Simple Assault
32f46ab7-1482-423f-9de3-bee7fc480804,Seattle,WA,2017,Simple Assault
14fb1584-7564-468d-ba91-6a6b380d4431,Seattle,WA,2017,Aggravated Assault
a0e32c8c-8139-4d6b-bfc6-fcd2a7d3ce5e,Seattle,WA,2017,Simple Assault
b89c4682-987b-4ccb-9307-f71fc20e384e,Seattle,WA,2017,Destruction/Damage/Vandalism of Property;Simple Assault
089f642c-81dc-447d-8c86-f7d3bef6403c,Seattle,WA,2017,Intimidation;Simple Assault
b5511d99-b27c-4810-bfe4-073f8fcd9674,Phoenix,AZ,2018,Intimidation
bf9a2aef-6394-43be-9430-25bf130c76cb,Phoenix,AZ,2018,Aggravated Assault
d286083c-7a2e-47be-a521-5644adbefbb2,Tucson,AZ,2018,Intimidation
e4b5a6ef-55a5-40c0-bc9e-ef7ce7c7ded0,Oakland,CA,2018,Simple Assault
960d8a74-da14-4a6c-a3a4-df4b446a1c99,Clovis,CA,2018,Intimidation
f79fd4c7-5905-450a-86ee-71c7749c07d8,Los Angeles,CA,2018,Aggravated Assault
cc3cebd7-fb69-4a2b-9d09-5f70c93137a0,Los Angeles,CA,2018,Aggravated Assault
f11cb4e0-50b8-42dd-8efc-fe7a7eec98f5,West Hollywood,CA,2018,Aggravated Assault
8e1af1ba-6152-41fa-a232-565aa1cb5f17,Los Angeles,CA,2018,Not Specified
a196093d-5a0c-4ee8-a5f8-9f2fce7d102e,Los Angeles,CA,2018,Intimidation
1f0c08e3-6e8a-4574-85aa-c991481245aa,Los Angeles,CA,2018,Simple Assault
c7bb4522-4deb-4367-86fb-8accfd2df3d4,Los Angeles,CA,2018,Simple Assault
75fb5c49-58b9-4dc2-9477-f6e5ad882671,Los Angeles,CA,2018,Simple Assault
29bec8f1-37e3-46a1-b74b-5ed86570f87a,Los Angeles,CA,2018,Aggravated Assault
19931e2c-fc7f-4b35-9a72-fee14c74a415,Los Angeles,CA,2018,Robbery
752fa2ac-eebb-4a48-b569-024215dc7e38,Los Angeles,CA,2018,Simple Assault
4c22b94f-4c06-480e-ae14-fccb611e0e79,Los Angeles,CA,2018,Simple Assault
1b905fd1-7d75-4c54-92ec-1a26f48985c3,Newport Beach,CA,2018,Aggravated Assault
90179f47-f833-4da0-af95-3cd7508176f4,California State Fair,CA,2018,Aggravated Assault
d30fd5d8-a76c-44ac-9a1e-4697377c4ae2,San Francisco,CA,2018,Aggravated Assault
309ac221-b338-49fb-9eac-e23e7be9e59c,San Francisco,CA,2018,Simple Assault
0297a944-00bf-40bb-9a15-12c0e4eb4a83,Foothill-De Anza College,CA,2018,Simple Assault
ea021c31-15fc-4246-b7de-d15375730bda,Denver,CO,2018,Simple Assault
156ea671-8282-4dc0-bfc7-78c10f36873a,Denver,CO,2018,Intimidation
07ae2b96-eb6d-4746-bb27-2a42cd53eaf2,Denver,CO,2018,Aggravated Assault
a262b58a-d12c-4a67-9f1d-d1868f323680,Washington,DC,2018,Simple Assault
41b4d5ae-a989-421e-ac12-1ee21fe4077a,Washington,DC,2018,Intimidation
cdc70bd0-0324-4b85-9686-b65de4909ca3,Washington,DC,2018,Simple Assault
2fe9c858-5ba2-46e8-b5fa-b638bfc2bbdf,Washington,DC,2018,Simple Assault
570e99bb-03ec-4d79-bf58-3d6137f1273f,Washington,DC,2018,Robbery
70f81c20-2d9e-469e-a799-e05b1a0e54c9,Washington,DC,2018,Intimidation
e3b99660-52a4-454b-9a09-5963f662f5bf,Washington,DC,2018,Robbery
81387ac4-7ebe-4fca-b18a-c3e489e64991,Washington,DC,2018,Simple Assault
cfaa73b5-6a67-401f-8983-8b44f3658087,Washington,DC,2018,Intimidation
806c73eb-5683-4236-ba77-3b507f48d7be,Washington,DC,2018,Simple Assault
bf1d2475-96a9-47d1-b7c1-7ddf8de3bf50,Washington,DC,2018,Robbery
59e96976-3378-4212-814d-050a8088d880,Washington,DC,2018,Simple Assault
d677d07d-f030-4fd5-ab4d-74dbbdb52e58,Washington,DC,2018,Intimidation
7c694931-ee8f-4c8a-8b59-7a63cee6bfd5,Washington,DC,2018,Simple Assault
60636638-cafd-45d6-b802-9d3bf053a8f8,Washington,DC,2018,Simple Assault
115ca20c-e43d-4b50-80e3-8b6b01a28ce8,Washington,DC,2018,Simple Assault
c563d797-ba04-4e17-be26-eef6b1a7d6dd,Washington,DC,2018,Simple Assault
27583711-2825-4d45-9e4c-246bc0fe104e,Washington,DC,2018,Simple Assault
3ef049c2-532a-4abb-8174-3f5a507bdc3d,Washington,DC,2018,Simple Assault
0cf68854-21c5-4080-86b9-063816c19075,Washington,DC,2018,Simple Assault
ca1bf8c9-9e9e-4728-b5db-aaefc2d2a7d9,Washington,DC,2018,Simple Assault
0035f14f-2e8a-4890-8dbb-ec29d376b6bb,Washington,DC,2018,Robbery
70b73059-4356-4221-aca4-30f32faddb70,Washington,DC,2018,Intimidation
d4f13f39-d411-4641-937b-717aa230fc4a,Washington,DC,2018,Simple Assault
ff17449e-e30d-4ac1-bd2f-869280d9e561,Washington,DC,2018,Destruction/Damage/Vandalism of Property
1099a997-9802-4bc0-8674-0a6cfe46ec9f,Washington,DC,2018,Intimidation
93001534-be1e-417f-9566-9714f9a924b7,Washington,DC,2018,Intimidation
13182110-7db1-4316-affa-c4a60260afb6,Washington,DC,2018,Simple Assault
628214b2-983d-4a27-aad8-8d9dd77e7d79,Washington,DC,2018,Intimidation
95aa4343-a194-4c19-a586-9b93e8b954ca,Washington,DC,2018,Simple Assault
724248e5-ac15-4547-8356-5b2bc05e4ed3,Washington,DC,2018,Simple Assault
78f40a1e-c056-4baa-95f1-5d492e4739d2,Alachua,FL,2018,Intimidation
bd85535f-fe51-4ba9-be6d-18a7556c962b,Pompano Beach,FL,2018,Aggravated Assault
7e7a992e-2c23-449d-a14e-bd98db9ad6ed,Miami,FL,2018,Aggravated Assault
67de8e3c-b79f-4587-8dfb-b640cdd8520d,Miami,FL,2018,Simple Assault
c189264b-07b4-4f3e-96c6-ca03dca03014,Miami Beach,FL,2018,Simple Assault
50b6d114-b619-4cf4-9fde-221c9997fc4f,Honolulu,HI,2018,Simple Assault
6b2fd98e-4b1a-45ce-8130-dc68f3755ace,Watseka,IL,2018,Aggravated Assault;Robbery
b053e12c-500d-4c11-9990-39deebaab56c,Peoria,IL,2018,Simple Assault
f5406430-4ff5-4670-aab8-851e59153975,Plainfield,IL,2018,Simple Assault
986c8f8f-89f6-49e0-9f0b-30ebcacd711d,Chicago,IL,2018,Simple Assault
e1e2fcec-f02d-4286-926f-adea2fa0ba74,Chicago,IL,2018,Intimidation
ffb23baf-ca42-421e-b76a-cedc9db38407,Chicago,IL,2018,Destruction/Damage/Vandalism of Property;Intimidation
f243b0ca-ed5b-4e54-b903-f3a07b939525,Indiana University:,IN,2018,Destruction/Damage/Vandalism of Property
21fafa81-4416-4111-835a-39957a6587f9,Louisville Metro,KY,2018,Simple Assault
7ee22645-4005-4512-9c26-1310a24ee09c,Louisville Metro,KY,2018,Intimidation
bdd07abb-9309-4e84-adeb-d8c873b4cc12,Covington,KY,2018,Intimidation
02945962-94dc-4411-bab6-6c59e66724c1,Haverhill,MA,2018,Intimidation
f6189356-d24b-4e22-ad56-af8c7414f355,University of Massachusetts:,MA,2018,Intimidation
aeff0eb4-2da5-4b8e-8e5f-c4a3c17c7c14,Cambridge,MA,2018,Destruction/Damage/Vandalism of Property
781027f3-9ae4-4fce-b73d-da54e00850a5,Boston,MA,2018,Intimidation
1d4f0ab5-be71-44ca-8f93-7c2b4655e0c4,Boston,MA,2018,Simple Assault
fb74c31e-c4e2-4bf4-8cfd-a5ae18212e37,Anne Arundel County Police Department,MD,2018,Aggravated Assault
349f663f-f566-4cb1-906b-dd981cca0559,Anne Arundel County Police Department,MD,2018,Simple Assault
6f68c443-0bda-4b3e-bb57-ecdb2e117335,Montgomery County Police Department,MD,2018,Simple Assault
334be316-7875-4800-9ecc-1d609bea9867,Montgomery County Police Department,MD,2018,Destruction/Damage/Vandalism of Property
88fe287f-a2c7-404e-80dc-f7e0ee6c8d12,State Police,ME,2018,Intimidation
636f1ef8-8e10-4d60-895f-18b122787981,Kansas City,MO,2018,Simple Assault
4c7ea3ca-ff82-4c72-999b-70e60964f07b,Lincoln,NB,2018,Destruction/Damage/Vandalism of Property
652a81c7-e386-4e6d-ba5b-a9d33cffd15a,Teaneck Township,NJ,2018,Simple Assault
a06b0ef9-9d97-4cd1-86a3-fe970c4f6640,Teaneck Township,NJ,2018,Intimidation
a944b819-cd48-4729-872c-b2ad7487645b,"Monroe Township, Gloucester County",NJ,2018,Intimidation
8768212b-5b53-4934-899a-2f0003f7ba10,"Monroe Township, Gloucester County",NJ,2018,Intimidation
3e5f727d-209a-497e-adee-776e9de2f66b,Aberdeen Township,NJ,2018,Intimidation
93e14d05-714d-4872-b84d-c55abbd7912b,Aberdeen Township,NJ,2018,Intimidation
ef7be236-915a-498e-96fd-15908d797dad,Neptune Township,NJ,2018,Intimidation
f29499d7-ad63-46e8-9cec-5fc2842b9e45,Albuquerque,NM,2018,Simple Assault
896c81cc-d3eb-4157-bd02-553f0833f411,New York,NY,2018,Destruction/Damage/Vandalism of Property
e8335434-07f5-4328-bc79-a38e902b186c,New York,NY,2018,Destruction/Damage/Vandalism of Property
4c50d133-68bd-4d21-b0d9-c3dcd046869a,New York,NY,2018,Simple Assault
5c485806-7f96-4db9-b532-1eb28415be80,New York,NY,2018,Destruction/Damage/Vandalism of Property
068d0299-6fcc-4a12-9e07-755d414adbf9,New York,NY,2018,Aggravated Assault
3fb26b50-e7c6-487a-bfc8-99ef64e0e547,New York,NY,2018,Simple Assault
8d4be46b-8f7e-4a8a-8494-6df6ce6ebd6d,New York,NY,2018,Robbery
2a4a4877-be23-4a9a-b0dc-7acbc496f72e,New York,NY,2018,Aggravated Assault
585c2f4a-7512-467c-8af8-49411a40007b,New York,NY,2018,Aggravated Assault
ab3b2be2-094a-4644-90b9-8892a3a42800,New York,NY,2018,Aggravated Assault
aa3a9ef0-f303-49b9-abea-38e299f120c6,"Madison Township, Lake County",OH,2018,Burglary/Breaking & Entering
5b12290c-325c-49ba-9149-10b6e4e43bde,Cleveland,OH,2018,Aggravated Assault
b9c8da86-4a2e-4f01-9340-799317047a7d,Milwaukie,OR,2018,Intimidation
e5caac4d-2285-4b91-9a41-6916aa85e6d2,Eugene,OR,2018,Destruction/Damage/Vandalism of Property
fde1ede3-9130-48eb-ab4a-cdfb0b9d5228,Eugene,OR,2018,Simple Assault
6023be91-97df-4d0d-bd59-ddc1f355c2c2,Eugene,OR,2018,Intimidation
5bf98f9a-97fa-4720-ba88-9df850d9dbd8,Eugene,OR,2018,Robbery
f2fcf79f-366c-4b00-b362-78920ae1b369,Portland,OR,2018,Aggravated Assault
f169eaeb-98ef-4f0c-8184-1920483dea48,Portland,OR,2018,Aggravated Assault;Destruction/Damage/Vandalism of Property
c17c4d73-4b87-4e60-a33d-489c63f92f17,Portland,OR,2018,Intimidation
1bb20848-1c0e-464e-ad2b-d26e197f3d14,Portland,OR,2018,Destruction/Damage/Vandalism of Property;Simple Assault
b929fbce-bbd6-47fa-b0dd-e97621580fa1,Portland,OR,2018,Simple Assault
a420b22e-5ef2-46cc-8685-a02b372c863a,Portland,OR,2018,Destruction/Damage/Vandalism of Property
b8d9792f-e8ad-4086-aa6e-858202d8b22a,Greenwood,SC,2018,Destruction/Damage/Vandalism of Property
4680de99-2486-4799-8270-79fa93423251,Metropolitan Nashville Police Department,TN,2018,All Other Larceny
b3c946c3-d966-409f-b5cb-33626f458e19,Metropolitan Nashville Police Department,TN,2018,Simple Assault
f3fa9b2e-82a4-4dff-afaf-0407d451462f,Addison,TX,2018,Robbery
c25791eb-e99f-4b9f-9106-ab2d776e7b33,Ennis,TX,2018,Drug/Narcotic Violations
79ada800-38d6-4c21-89c4-afc2a0154c4a,Pampa,TX,2018,Intimidation
af753323-b266-439e-b097-26b7b0cf624d,Plainview,TX,2018,Credit Card/Automated Teller Machine Fraud
d45c5f6d-bf41-402f-b5d8-81515c69cfa7,Plainview,TX,2018,Destruction/Damage/Vandalism of Property
b8e8efed-9616-40b6-a454-b1dae8f48c24,Austin,TX,2018,Simple Assault
610a1cec-7161-417d-bcec-1d63f46ecbe3,Dallas,TX,2018,Aggravated Assault
4f12b970-94c2-46ea-a712-fc168b1b7653,Dallas,TX,2018,Robbery
2fd5ddf6-6cd3-4329-9c28-dd0a3ebeef28,Dallas,TX,2018,Intimidation
84c98c14-d0d5-4340-9b95-2a78693e6089,Kent,WA,2018,Destruction/Damage/Vandalism of Property
19bf428c-49e0-4c4d-b918-96d76a1a2a3c,Kirkland,WA,2018,Intimidation
91dde8ab-f7ab-4db4-b753-560380c1376f,Spokane,WA,2018,Destruction/Damage/Vandalism of Property
3eda5423-c25a-498b-9e56-ea8329735c06,Spokane,WA,2018,Intimidation
bf7de133-d0c4-4825-9c05-85b24be848cd,Spokane,WA,2018,Motor Vehicle Theft
7184102d-0db0-4417-9680-cc55740d25d7,Tumwater,WA,2018,Intimidation
88e90665-91b4-4354-9c7c-7702062427cb,Seattle,WA,2018,Robbery
ef812c29-ef54-4329-9c35-04086bdaa607,Seattle,WA,2018,Robbery
da486371-8e17-451f-a34f-0c1f2d6c86b4,Seattle,WA,2018,Aggravated Assault
0308bf74-86d3-498e-98ee-6af56fa5f3b4,Seattle,WA,2018,Simple Assault
5c9f0e87-a1a3-4cda-8123-7b52d6751687,Seattle,WA,2018,Simple Assault
ef7aea09-3584-4800-ba3c-aec54fefd7a3,Seattle,WA,2018,Simple Assault
2edb8a45-b52b-4389-826e-79bcfb40b0a9,Seattle,WA,2018,Robbery
ae513e5b-9b98-4173-8a47-ed26496d986f,Seattle,WA,2018,Simple Assault
b850c727-db80-49d1-ad85-1f6b202ae9f8,Seattle,WA,2018,Sexual Assault With An Object
d3682208-33c4-4a89-90f1-fe4bc3be539d,McFarland,WI,2018,Aggravated Assault
689c07a3-8be5-44e3-81d7-83c1cec04468,Phoenix,AZ,2019,Aggravated Assault
b27b61ab-ed75-4b76-92a8-16e29de4013d,Phoenix,AZ,2019,Intimidation
59187757-fd82-43f8-8f53-0e9e757b636d,Phoenix,AZ,2019,Intimidation
8384aa19-b5ed-4ea0-b02d-323ca84f701d,Fresno,CA,2019,Simple Assault
4c9bc4fd-2cb8-44d1-913f-39523f634c89,Fresno,CA,2019,Intimidation
b8e6e06f-2159-4354-b748-5a7e1e882a8a,Hawthorne,CA,2019,Aggravated Assault
53ccc068-792a-4f6f-b84d-8aaab83c73dc,Los Angeles,CA,2019,Simple Assault
ec740d1d-e01d-4bf5-9a78-e1e7a0b89267,Los Angeles,CA,2019,Simple Assault
2dd2abe0-fb69-41a9-9a7c-a0739aebda5b,Los Angeles,CA,2019,Intimidation
548c79bb-9505-4a43-9bfb-be668d7f646c,Los Angeles,CA,2019,Aggravated Assault
829429f4-49a6-4952-aee3-6394f3f57bab,Los Angeles,CA,2019,Aggravated Assault
7e0b04e7-20de-4d65-8073-0d2aa1f9511a,Los Angeles,CA,2019,Simple Assault
466c36ac-5f2f-4fc7-ae40-ce7c365c0662,Los Angeles,CA,2019,Aggravated Assault
2278841e-e5e9-4262-8c3b-f68658928bed,Los Angeles,CA,2019,Destruction/Damage/Vandalism of Property
b6d5c7b6-0f77-4808-a743-dea28319629f,Los Angeles,CA,2019,Simple Assault
92d8bf3c-d7a9-460c-a43d-0b5cf990b65d,Los Angeles,CA,2019,Sexual Assault With An Object
e3d6fd3c-bf08-4a84-84e5-f9b73ac4fa60,Los Angeles,CA,2019,Simple Assault
830bf2aa-a422-4d5b-92b9-9902aa80e07d,Garden Grove,CA,2019,Simple Assault
78b23a0f-a6f6-4742-887d-8b33a9bd1ba3,Sacramento,CA,2019,Aggravated Assault
1a9c7a74-f6a6-4953-8607-c291cba30790,Sacramento,CA,2019,Intimidation
2a70d5b5-8cf0-4ebc-a5f4-76c6ce2f3e01,Sacramento,CA,2019,Aggravated Assault
d7227767-acd4-48be-bb97-531913c25751,San Diego,CA,2019,Aggravated Assault
1edec627-4854-4cce-96b4-902ec248b43c,Coronado,CA,2019,Sexual Assault With An Object
15fb2d97-16d2-49a0-98e4-2f156378a775,San Diego,CA,2019,Aggravated Assault
edc28a19-2ea7-4b7f-afd1-8b906b22c4a6,San Francisco,CA,2019,Simple Assault
8503bc1f-e544-4d01-a1b9-15c30b0050d8,San Francisco,CA,2019,Aggravated Assault
b9707897-716c-4926-9230-e9604c6ce7f8,San Luis Obispo,CA,2019,Aggravated Assault
32351ea2-edc9-41a6-80de-2eb3522514ae,Belmont,CA,2019,Simple Assault
c5e02c3d-b006-473a-af61-04895110371b,Redwood City,CA,2019,Simple Assault
67992e3e-4d19-4dcb-8055-5acce120286d,San Jose,CA,2019,Intimidation
81546176-7e53-477c-a90b-aa04b283cf61,San Jose,CA,2019,Destruction/Damage/Vandalism of Property
e2370a89-c6bc-4d8d-a6ed-4744612a08f5,Yuba City,CA,2019,Simple Assault
ce63bf61-055f-49d8-a8c9-867f5873aaba,Centennial,CO,2019,Simple Assault
f5d55256-077c-47a2-8d7f-8923e25504e5,Garfield,CO,2019,Simple Assault
47262d07-42af-4a2f-8a6c-647eb923886a,Garfield,CO,2019,Aggravated Assault
bc9b0bc1-8c31-427e-96bd-c397058b43bc,Lakewood,CO,2019,Simple Assault
03136f1f-d348-498c-99ce-b04e9a5d3d97,Larimer,CO,2019,Simple Assault
d4dd4d1b-dd43-473f-ab7a-6d8b76004b9a,Denver,CO,2019,Intimidation
60991236-2166-44c6-8e6f-b0f96f479387,Washington,DC,2019,Aggravated Assault
5f904363-3678-49fc-b1bc-b1c9249b1d11,Washington,DC,2019,Simple Assault
7e3e08e4-5316-4e61-8d05-62479ab34de3,Washington,DC,2019,Aggravated Assault
1294851e-28d0-4b99-8161-b68f8e6270cf,Washington,DC,2019,Robbery
176b495e-5e3d-44c8-b344-6bd3ff5a6030,Washington,DC,2019,Aggravated Assault
0c001135-ac28-42aa-914b-d75142307a71,Washington,DC,2019,Simple Assault
c6b341f4-894d-4829-bc12-41e18978e4c0,Washington,DC,2019,Simple Assault
12af6136-061f-4f10-af9b-c3d30f4eeb75,Washington,DC,2019,Intimidation
0f8fc572-a88c-45ff-a41c-c67aa32a9605,Washington,DC,2019,Simple Assault
a75a2afb-e7b5-4cbf-a18d-086d8d45d1b9,Washington,DC,2019,Robbery
fa25acca-aab5-47de-95fc-1d6a629a7e5d,Washington,DC,2019,Simple Assault
19f1cf84-9b65-4f8a-9fbc-8ffe01f34028,Washington,DC,2019,Simple Assault
5e471b71-002b-45e2-b017-dfc773e9f63e,Washington,DC,2019,Destruction/Damage/Vandalism of Property
1e4c3fbc-ca3a-4e0a-aaf8-17d45992aa41,Washington,DC,2019,Aggravated Assault
42767919-c08b-4074-9f7f-66595fa4c8d7,Washington,DC,2019,Simple Assault
e8a64eee-24d5-4e18-9729-be6205ba30dc,Washington,DC,2019,Intimidation
74adb64e-02cc-4222-9994-57fa3c2f5b86,Washington,DC,2019,Simple Assault
e74b1ed8-7adc-448f-87d3-a73d1479c5eb,Washington,DC,2019,Simple Assault
8173437c-6d46-476d-ae25-f1fec12fbc21,Washington,DC,2019,Simple Assault
5e18498a-6cc6-49a8-b9e4-2d9ae4caf8fa,Washington,DC,2019,Aggravated Assault
fcdd4152-0f76-44f5-9540-5ad85b19b8c4,Washington,DC,2019,Simple Assault
063c72a1-5010-498c-8fad-a2d6f06ff2f4,Washington,DC,2019,Robbery
8f2ed8fb-dd12-407f-812e-9c4fb375355d,Washington,DC,2019,Simple Assault
2815cd2f-6943-46a4-be48-44651cb25f7e,Washington,DC,2019,Simple Assault
3a343031-2360-42b5-ab50-f00b65233596,Washington,DC,2019,Simple Assault
196a1614-6c65-4b48-b5fe-e0f7829c98fb,Washington,DC,2019,Simple Assault
622fb238-b6ca-48be-85e4-f440428f2508,Washington,DC,2019,Simple Assault
a23e16c7-6dc2-4864-9043-b7fa371897c6,Wilmington,DE,2019,Simple Assault
ef068930-21f7-4b44-9412-2c54ef7fd0c3,Federal Bureau of Investigation,FS,2019,Aggravated Assault
e732a0d2-ef57-4b0d-97e5-7ddd4d02ff8f,Federal Bureau of Investigation,FS,2019,Murder and Nonnegligent Manslaughter
0fbf87b5-a74e-494a-ae5f-807978cceba0,Federal Bureau of Investigation,FS,2019,Aggravated Assault
aacc7ae8-b0c7-4551-ac79-af26c52fe63a,Chicago,IL,2019,Intimidation
e5f3b2ad-9de2-4347-8ad8-10f8b17e9c02,Chicago,IL,2019,Aggravated Assault
ba00dac6-a219-4d3b-a780-ae6eabccf28c,Chicago,IL,2019,Simple Assault
b428417e-0ca5-422f-a77a-6a172e2a7121,Chicago,IL,2019,Intimidation
f5b2d87b-c604-4242-94cc-8499c25d76a3,Chicago,IL,2019,Intimidation
ed8a73bc-550a-4631-b53b-8e175ecd439c,Chicago,IL,2019,Simple Assault
74fde5b7-5dcb-42d1-94c5-e63b36958620,South Bend,IN,2019,Destruction/Damage/Vandalism of Property
2a986a1a-2ed9-4dc3-8c4a-73dbe8517ca6,Salina,KS,2019,All Other Larceny
77bbf9c5-a74f-4cb1-af6c-001c5b560e3e,Salina,KS,2019,False Pretenses/Swindle/Confidence Game
574efd6a-b559-467e-9f03-78642da8cae4,Louisville Metro,KY,2019,Simple Assault
21a15ac9-0bec-4583-b52e-0d44c2626f19,Versailles,KY,2019,Intimidation
8d9eb38c-6d33-48fa-8d3e-29b0cd862505,Cambridge,MA,2019,Simple Assault
61736d91-035c-4cd2-94f4-9fed0c9d89f6,Boston,MA,2019,Intimidation
48c778b7-5279-4575-971b-d7fc946e4002,Eastern Michigan University,MI,2019,Fondling
decaebf0-b169-4614-a06b-85de20f7a88c,Minneapolis,MN,2019,Simple Assault
88e63734-5759-466a-a5d3-59a27ef80679,Minneapolis,MN,2019,Aggravated Assault
eac290cc-431e-44f9-b6d6-202137e0c68d,Minneapolis,MN,2019,Intimidation
1badd820-05ca-4992-9004-a3f28b0ad738,Belton,MO,2019,Intimidation
1caf2650-6d39-4e57-94ba-a549918c5968,Whitefish,MT,2019,Aggravated Assault
418117ba-0c31-4155-844d-a15608927f45,Kalispell,MT,2019,Simple Assault
e3bb7ad5-5919-4520-b69b-b9882adac91b,Kalispell,MT,2019,Destruction/Damage/Vandalism of Property
1e14bead-5f2d-4d67-bfb6-4dd7c0bde961,Edgecombe,NC,2019,Murder and Nonnegligent Manslaughter
c880205c-c383-41a9-afdf-194d61222ae3,Galloway Township,NJ,2019,Intimidation
776c76f5-f567-44f8-88e1-a801246af90a,Bridgeton,NJ,2019,Intimidation
d1c8081b-c5c1-4661-8c82-05cb03674400,Vineland,NJ,2019,Intimidation
12d4757a-a153-4929-ac1e-956587bca98e,Hazlet Township,NJ,2019,Intimidation
a6279a1d-6651-4df7-a2e5-68e150ee4112,Lacey Township,NJ,2019,Intimidation
17f5aca1-d89b-456b-880b-7cfc8ab09a12,Lacey Township,NJ,2019,Intimidation
270d0aea-0c0d-455f-b819-8b689c546890,Las Cruces,NM,2019,Destruction/Damage/Vandalism of Property
0e379ce1-025c-4097-bd0b-8c4d8d976753,Sunland Park,NM,2019,Fondling
a5b4fe7c-7676-40bc-8eea-62590055a49f,Las Vegas Metropolitan Police Department,NV,2019,Simple Assault
6a3dfdcb-ff9a-4b4d-8a07-7449aa94af6b,Madison,NY,2019,Destruction/Damage/Vandalism of Property
1eb28ad8-6f75-49fd-8bbe-6b0a489c9874,New York,NY,2019,Simple Assault
87761e40-02ac-42c5-885f-d6f4fca1644a,New York,NY,2019,Simple Assault
cd5ac82b-6c69-4092-a7de-4a7bf7242a31,New York,NY,2019,Simple Assault
ef49ab24-2d9d-48e4-85e9-4d180e0c1426,New York,NY,2019,Simple Assault
6082e99a-b249-46fb-8e2e-1b52d68a3446,New York,NY,2019,Simple Assault
63460c6a-4955-49a1-bf90-03f1ab0a39dd,New York,NY,2019,Simple Assault
f937a88c-099a-4ea0-9f33-a5c87b8f7fc2,New York,NY,2019,Simple Assault
cc1538f0-ee12-46e7-97a5-4242f8411f65,New York,NY,2019,Destruction/Damage/Vandalism of Property
19fc7ebb-11a3-40ca-bccf-d0555708907b,New York,NY,2019,Simple Assault
5acaf786-744e-4a69-8443-a26e50a652c2,New York,NY,2019,Aggravated Assault
0cb7ef40-7754-49e1-b325-4d7b525f95c7,New York,NY,2019,Aggravated Assault
46fdcca1-91e5-4b7c-922b-eb3b4116bbb2,New York,NY,2019,Simple Assault
b580072d-4edb-4d93-861f-7e9d5e6d91b3,New York,NY,2019,Aggravated Assault
22c9e0c7-44ba-4e33-b9f7-ae94334faccc,State Police:,NY,2019,Simple Assault
89287701-327f-4dcd-963e-abbc4f238038,State Police:,NY,2019,Simple Assault
37259d7c-5238-479e-a99c-e1d345041c5d,Hamilton,OH,2019,Drug Equipment Violations
3fe399b2-eb68-44e2-a1f7-dd650cf9fd88,Cleveland Metropolitan Park District,OH,2019,Intimidation
6687d3d4-3fd0-4dc8-b557-950302018b05,Greater Cleveland Regional Transit Authority,OH,2019,Simple Assault
50346392-3c58-4342-9aae-9a417616e6a6,Norwood,OH,2019,Burglary/Breaking & Entering
b70191be-099a-4505-bcdf-10788abb090f,Lorain,OH,2019,All Other Larceny
625b0e4c-14e1-486d-b086-c4db669bfa6d,Trotwood,OH,2019,Aggravated Assault
bcf1161b-3bb9-4439-a5e1-59a04675ee93,Cleveland,OH,2019,Simple Assault
1e73839f-89cd-403a-8c1c-812f7adffb55,Cleveland,OH,2019,Intimidation
2930d2fe-a263-41d7-bf98-87e13c0ec6c2,Columbus,OH,2019,Intimidation
3a640ae3-3000-49bd-87b6-3174c6ad2c0c,Eugene,OR,2019,Simple Assault
e0590228-a23b-44ee-8aa3-404431946623,Portland,OR,2019,Simple Assault
e4dc8a5b-5245-43fe-a44c-fd19fdb30a23,Portland,OR,2019,Simple Assault
6f4528dc-195c-4aff-a068-e043464daa5c,Beaufort,SC,2019,Simple Assault
bf8f35b0-aae1-4e14-96a6-31c991b729b2,Bailey,TX,2019,Aggravated Assault
051cd647-cc36-4b15-af89-fce04d34bace,Jacksonville,TX,2019,All Other Larceny
ee61651f-42df-402c-ae4f-91d0c0865cd4,Ennis,TX,2019,Simple Assault
cef8ac13-410a-4d99-b2ba-5f8daf55653b,Hamilton,TX,2019,Shoplifting
a5aa3408-2a8f-43a1-8e00-cc8b5452faf8,Harris,TX,2019,Aggravated Assault
215e33aa-9fe0-4449-a5d8-527fe92b3ef6,Houston,TX,2019,Burglary/Breaking & Entering
a5440f54-0f1b-4a4c-9cb8-ec310542cf8c,Beaumont,TX,2019,Aggravated Assault
1d04560d-23f2-42c6-bc44-cd7e890aa437,Beaumont,TX,2019,Simple Assault
6b9e0d34-fa68-4db0-abf6-61641b290992,Dallas,TX,2019,Aggravated Assault
9f6610c2-f4ae-4011-90d0-8d63f0472c4f,Salt Lake City,UT,2019,Simple Assault
63ad52b9-2491-4384-a049-cf20dc76902f,Utah Transit Authority,UT,2019,All Other Larceny
0d583c3f-8a37-420b-835a-bd6faa46ad39,Loudoun,VA,2019,Intimidation
82d8c658-dac1-4cf0-8390-d0a14366bbc0,Winchester,VA,2019,Aggravated Assault
605626bf-63a1-42b2-b7d7-0ddff47f1616,Brattleboro,VT,2019,Simple Assault
6130dd10-cc2e-429d-8ae0-39642d6f7943,Vancouver,WA,2019,Rape
4d504974-b523-472f-ac75-74a93e9fc33d,Bothell,WA,2019,Destruction/Damage/Vandalism of Property
77df5210-f934-4d20-8b56-b7f3b7f333d8,South Bend,WA,2019,Intimidation
fe521c8c-ef0c-40a9-9ead-ea77c82bbfc4,Olympia,WA,2019,Destruction/Damage/Vandalism of Property
11f0eaf9-4d57-497a-802b-b84e052acc71,Seattle,WA,2019,Aggravated Assault
52da21bb-4e04-4de6-82a7-3838b52ecae0,Seattle,WA,2019,Intimidation
21506f5e-0a5d-43d0-877b-5b69e38cc00a,Seattle,WA,2019,Aggravated Assault
f4dee4d6-88aa-4407-ad1c-7538f1290a7d,Seattle,WA,2019,Intimidation
07d615ae-6ed4-48dd-a2c4-e7429eefa0d7,Seattle,WA,2019,Intimidation
d7d65b1e-f62e-4ad1-a0b5-a7c2cafd4823,Seattle,WA,2019,Intimidation
6bbb8395-36c8-4cdf-8daf-420561108f3d,Seattle,WA,2019,Intimidation
575169c8-5228-40d7-9dd5-aa67dbc6d052,Seattle,WA,2019,Simple Assault
129a9b1f-64d5-4854-8313-8f22652340ef,Seattle,WA,2019,Aggravated Assault
0ccebc8b-3e21-4d86-8504-3d1d6822529b,Sauk,WI,2019,Burglary/Breaking & Entering
bd4a1277-b735-4836-9f9d-1253f3b7a390,State Police:,WV,2019,Simple Assault
d84b4ce1-cffa-412b-b9f3-185c323b6c5c,Fairbanks,AK,2020,Aggravated Assault
9c45bed4-b7a9-44f8-bcc6-1f0c0fe81e35,Pulaski,AR,2020,Simple Assault
4e55bec4-e75f-4a28-96b3-1571ac5d890f,Sierra Vista,AZ,2020,Aggravated Assault;Burglary/Breaking & Entering
110ca3e4-28b0-4f2c-bb52-9c78e5a3ec6d,Mesa,AZ,2020,Simple Assault
1a499589-ad38-4bd2-af7b-61984315e0bf,Phoenix,AZ,2020,Intimidation
a03b8797-94ee-4b8d-890e-23fd78a9a192,Phoenix,AZ,2020,Simple Assault
e684310d-6703-4191-ac43-8490be6654c6,Phoenix,AZ,2020,Simple Assault
50067787-e68a-4e22-b4e1-115cac3a169a,San Luis,AZ,2020,Drug Equipment Violations
296e4c17-077b-4415-8068-a9001439278f,Berkeley,CA,2020,Aggravated Assault
ad59efdf-a403-4c6c-9c26-4a67a1f38bc2,Oakland,CA,2020,Aggravated Assault
6e20b0e4-5ca1-42bf-bd12-0c48bd0e8793,Oakland,CA,2020,Motor Vehicle Theft
db8ee418-5921-4f38-8b6e-e44b8140ae71,Amador,CA,2020,Intimidation
f80c4f89-ac37-4663-85f2-828da3a01ceb,Amador,CA,2020,Aggravated Assault
637012a0-d5f3-4cbd-be72-cd49535ce182,Antioch,CA,2020,Aggravated Assault
ccc67f87-927d-4523-a5f6-d3f1654a0c5b,Brawley,CA,2020,Aggravated Assault
65c99b51-747c-40ca-a1b9-1fc8f33e8bd7,El Monte,CA,2020,Simple Assault
70de7156-5090-46b7-8048-e00e980d4073,Los Angeles,CA,2020,Simple Assault
223f268b-413b-47c8-983e-7c93e340467e,Los Angeles,CA,2020,Aggravated Assault
5a87f3e1-d9bb-4f0e-af23-44251157498b,Los Angeles,CA,2020,Simple Assault
1e39f322-8c2c-4367-a39d-edf487ef1351,Los Angeles,CA,2020,Aggravated Assault
7dd3dcf4-20ae-4dae-ac5b-482898298244,Los Angeles,CA,2020,Intimidation
d54eb078-6ff1-4b13-b05b-cf14df6a688c,Los Angeles,CA,2020,Aggravated Assault
99ed1cd5-054e-469f-bf54-277fafed8c89,Los Angeles,CA,2020,Simple Assault
0459212c-9031-445d-8a17-4c2e719d50af,Los Angeles,CA,2020,Simple Assault
fe98979b-9a6b-4514-83fe-fdeb8b04035f,Los Angeles,CA,2020,Intimidation
f5cb923f-5500-4368-a430-29ca04ff984c,Los Angeles,CA,2020,Simple Assault
c47653f6-b16f-4f77-bbf0-264fce08e087,Los Angeles,CA,2020,Aggravated Assault
a7210a45-0d42-47b2-b3e9-1d688f9c240f,Los Angeles,CA,2020,Aggravated Assault
836196d1-b6ef-48c2-826f-27944c81205c,Los Angeles,CA,2020,Aggravated Assault
a33386f5-b858-4627-a318-a125197eae90,Los Angeles,CA,2020,Simple Assault
f75a31ef-4551-4637-af93-7bcffa9d20e2,Los Angeles,CA,2020,Simple Assault
1b4afa8b-4cbe-42fb-a126-329d493f79d4,Los Angeles,CA,2020,Aggravated Assault
da08c898-9205-4eca-9530-9119aba40fdd,Los Angeles,CA,2020,Aggravated Assault
5bd0e707-606a-4a9a-aa47-f47961d2638d,Los Angeles,CA,2020,Aggravated Assault
72f289c3-59dd-4183-8401-7943e775bbaf,Los Angeles,CA,2020,Not Specified;Robbery
122c7a8d-84bc-41ab-8a42-1ac2d8becc5b,Los Angeles,CA,2020,Aggravated Assault
6be99ae7-20e9-4a89-b8fa-272dd760390e,Los Angeles,CA,2020,Aggravated Assault
5e8bb2e6-76db-4d63-b0a5-bbfd216de988,Los Angeles,CA,2020,Aggravated Assault
13c51f39-f248-4151-b63a-13065ac8f3c0,Los Angeles,CA,2020,Aggravated Assault
da7e9fd1-89f2-4dad-a188-01aaea0e149e,Los Angeles,CA,2020,Intimidation
a295f7df-8d5d-462d-8df7-1e2eab351615,Los Angeles,CA,2020,Intimidation
aa6ddd23-88ab-41a6-bf6b-075ec47c6b62,Los Angeles,CA,2020,Simple Assault
241815a4-a047-49b1-b1e0-435fb46efc7d,Los Angeles,CA,2020,Robbery
b40fe90a-f330-426a-aee6-01cc281aa0e0,Los Angeles,CA,2020,Intimidation
200aee36-8163-4c24-a387-d2831acb04d1,Norwalk,CA,2020,Simple Assault
89271acf-1bb5-4a0f-9489-4d360cff392f,Pasadena,CA,2020,Aggravated Assault
41828842-7342-4296-a8b6-5e38824fcdab,Pico Rivera,CA,2020,Simple Assault
9051ac87-f06d-44d1-a5e1-215732a9a90c,San Gabriel,CA,2020,Destruction/Damage/Vandalism of Property
b50990a9-5a93-4923-a672-d0b53d94b02c,Fairfax,CA,2020,Intimidation
e38c2167-93fe-4acf-965f-85c13b7138cd,Santa Ana,CA,2020,Simple Assault
70c46bc3-ce36-434e-b978-327b2062c2d7,Cathedral City,CA,2020,Intimidation
8c9d7abb-d4bc-4d64-8601-a7593a8d9a04,Cathedral City,CA,2020,Simple Assault
c60f1a2d-74f0-4cb7-91d9-eb5e4ab305fd,Temecula,CA,2020,Intimidation
0651931d-2e61-4923-8c55-e92370f4828a,San Bernardino,CA,2020,Aggravated Assault
2c65c6f0-8a1a-47e1-ab6d-d75db07316a8,El Cajon,CA,2020,Intimidation
cc517e5a-0148-4795-92ab-38d23533f56f,San Diego,CA,2020,Simple Assault
8ad141ef-75f5-4310-8ec4-91c7ce922241,San Francisco,CA,2020,Intimidation
1690a9fc-6a02-4da6-ae8e-f83645bf74fc,San Francisco,CA,2020,Intimidation
3f318ef5-ff54-4c2a-8ab4-7b84ceea42b5,Santa Barbara,CA,2020,Intimidation
7d36d9c3-0d8e-4ab7-ab49-5879c8942168,San Jose,CA,2020,Aggravated Assault
260b1026-62af-4d60-9710-5318b89a27fd,Capitola,CA,2020,Aggravated Assault
2b7ebcc0-85e1-4357-8920-1ffa05df6901,Ventura,CA,2020,Simple Assault
17e9d7a5-0897-4cc5-853c-6a59b74edcb5,Arapahoe,CO,2020,Simple Assault
fdef3f42-f8dc-45bf-8056-48fedfaad53f,Longmont,CO,2020,Intimidation
b6d8c9e6-e1f2-474b-a57c-0f66532cf1b0,Las Animas,CO,2020,All Other Larceny
c5bf1d33-12db-484a-ac3e-77c15a7ef946,Pueblo,CO,2020,Motor Vehicle Theft
e28441f4-39a7-49da-aec1-657b815948bf,Denver,CO,2020,Aggravated Assault
dc29b374-c7b4-4db3-8b34-79cb5ed66498,Denver,CO,2020,Simple Assault
ed059d7d-beed-4aaf-a6d5-f55d64fd12e4,Denver,CO,2020,Intimidation
c3863eab-b7b4-42ff-9c40-d3ad010fa74a,Denver,CO,2020,Robbery
d7839ec0-eff0-4fc9-b365-fb3f5efb192e,Washington,DC,2020,Aggravated Assault
39af0c44-c208-4fe1-988f-f827fb820021,Washington,DC,2020,Intimidation
acf9025d-e804-459c-8780-618771a25078,Washington,DC,2020,Aggravated Assault
574b37c4-9ae5-43e0-9ff2-60cc104b7820,Washington,DC,2020,Simple Assault
e8b56fa5-75a7-418b-87b4-010af0c9ddbd,Washington,DC,2020,Aggravated Assault
e5e18736-5c32-4db1-a523-48605250256f,Washington,DC,2020,Simple Assault
cd0ea39a-722a-44da-a66c-dd65e74df6ab,Washington,DC,2020,Robbery
8cff965b-9198-4ad5-82fb-1911ad8a9d37,Washington,DC,2020,Simple Assault
5d17eada-6eee-430a-afe7-22be89771a87,Washington,DC,2020,Simple Assault
0daf2fa0-7cb8-44f0-a010-496612266ad9,Washington,DC,2020,Simple Assault
f2ec53e5-0949-4c35-a2f8-fd89da51cee3,Washington,DC,2020,Simple Assault
023538b7-e5e3-4c95-b1ef-4e64d8307b92,Washington,DC,2020,Aggravated Assault
75f93f5e-e682-42c5-9259-9a32683d690b,Washington,DC,2020,Aggravated Assault
2c1f140c-e655-4cbc-b046-a1a49be6e76c,Washington,DC,2020,Simple Assault
4ca99623-36a3-408e-bafb-aa0b20a63a9b,Washington,DC,2020,Simple Assault
e70e2d67-f73d-4807-a809-232d6cce2f7e,Washington,DC,2020,Simple Assault
0929f455-e5fe-4ec9-94d8-1b256dfc28c8,Washington,DC,2020,Intimidation
6a1b4fd8-0f53-42ba-9cfa-0c44e2c60287,Washington,DC,2020,Simple Assault
1ce96d05-3f76-4f12-af4b-885ce5957673,Washington,DC,2020,Aggravated Assault
3e5ca7d1-efe8-4e6a-b86b-bbdddbf2aca6,Washington,DC,2020,Simple Assault
24b9081a-6978-4da2-822f-12d26e77aa31,Washington,DC,2020,Simple Assault
85348571-6feb-43ee-987d-63bcba91296b,Washington,DC,2020,Aggravated Assault
6597672d-9a5c-4b6d-aef3-b0ea81550a6c,Washington,DC,2020,Aggravated Assault
d4379e4e-c5b8-47d2-a80d-5e5a867e6c4b,Washington,DC,2020,Simple Assault
dc15e9c8-e05b-4058-a4bd-e0a34bd73a84,Washington,DC,2020,Simple Assault
6746bbac-0e55-48ee-adc0-6550b8f51864,Washington,DC,2020,Simple Assault
c4072f5d-749e-4296-9661-c45668c72489,Washington,DC,2020,Aggravated Assault
1c4e4366-657d-4877-96bb-86daa422cce2,Metro Transit Police,DC,2020,Simple Assault
bb08f57a-019c-4bfc-9653-e2973509ae11,Palm Bay,FL,2020,Simple Assault
4e7e4073-cc39-4746-be1c-73a93134fefd,Jacksonville,FL,2020,Aggravated Assault
2bccb055-a4cc-47ef-b779-91b06de543a7,Federal Bureau of Investigation,FS,2020,Murder and Nonnegligent Manslaughter
8bc224a3-b882-408f-a4ae-20ffd04187e3,Federal Bureau of Investigation,FS,2020,Robbery
7f066e09-dc57-4f74-8243-1194f7e50b7c,Federal Bureau of Investigation,FS,2020,Murder and Nonnegligent Manslaughter
6d297d65-cbe3-40ca-a06d-ef5b2ba39070,Federal Bureau of Investigation,FS,2020,Murder and Nonnegligent Manslaughter
87b78fd0-651c-4333-8d79-ad509d254af7,Federal Bureau of Investigation,FS,2020,Simple Assault
1af4ee46-ffd0-4807-a3d6-fa7660196078,Federal Bureau of Investigation,FS,2020,Murder and Nonnegligent Manslaughter
12545e16-f662-469b-a4e3-ef85551dd43c,Federal Bureau of Investigation,FS,2020,Simple Assault
96791426-5d23-496b-9dcd-96af6b294dd1,Federal Bureau of Investigation,FS,2020,Murder and Nonnegligent Manslaughter
9aa0288f-198a-4c12-9b15-0ca9de0ae7ed,Federal Bureau of Investigation,FS,2020,Murder and Nonnegligent Manslaughter
f7f4d90f-ca6a-44d8-b401-b16037be9e30,Federal Bureau of Investigation,FS,2020,Aggravated Assault
e8a11715-8710-4789-a172-608dde733118,Athens-Clarke County,GA,2020,Simple Assault
86cb0514-7562-45f0-ad4d-104a38902455,Athens-Clarke County,GA,2020,Destruction/Damage/Vandalism of Property
304f1dfd-3f1c-4b90-96c8-fec889d1ae00,Sandy Springs,GA,2020,Intimidation
a37a3d3f-0a5c-4509-9995-30adb9dc3437,Boise,ID,2020,Intimidation
8076186e-14c9-4025-adfa-511145fcfe2e,Chicago,IL,2020,Murder and Nonnegligent Manslaughter
752e7fb8-38fc-4d57-bdf5-dff77f882b23,Chicago,IL,2020,Aggravated Assault
35ebc367-9a01-41c0-a6ae-8d4523c19047,Indiana Gaming Commission,IN,2020,Counterfeiting/Forgery
8ddf2226-0610-4043-8cac-8754eaec0440,Lexington,KY,2020,Intimidation
3a5cd8ec-080f-4fe4-b414-82d181078687,Covington,KY,2020,Simple Assault
b2a10ff6-f836-4f31-9d9c-86a6c0313012,Braintree,MA,2020,Aggravated Assault
f0c4da93-c66a-4e18-8bbd-795f3d67bfbb,Boston,MA,2020,Intimidation
060d8095-2987-4103-89e8-8e1d1e0ca045,Boston,MA,2020,Intimidation
be65fa59-8464-4fb5-8ec7-3f0b79841506,Boston,MA,2020,Intimidation
4898f058-1b2d-485b-b2fb-9e922cdbbb4a,Boston,MA,2020,Aggravated Assault
db914566-3962-4e27-803e-dd3348588884,Boston,MA,2020,Simple Assault
ab2e4ccf-f621-4298-89c2-141cc01bb2a5,Rockland,ME,2020,Intimidation
163228aa-c6fc-4d67-a80b-229b449a7afa,Eaton Rapids,MI,2020,Intimidation
7f4ac040-4c0d-4231-8c45-f602aca44e50,Michigan Technological University,MI,2020,Destruction/Damage/Vandalism of Property
227b55cf-fce1-43c4-a747-434e4508d614,Wyoming,MI,2020,Simple Assault
3d509d0c-f083-4c3f-92b9-e145c341437c,Wyoming,MI,2020,Intimidation
1b750a28-10fa-4260-81ba-c0f2de31d36f,Royal Oak,MI,2020,Intimidation
6465dec3-5a62-4f81-9f55-222c10374298,Port Huron,MI,2020,Intimidation
a35b0591-4753-4537-a35b-c33e08b056e0,Durand,MI,2020,Theft From Building
61ccb6f7-82c5-4402-b5bb-dea136831a6d,Ann Arbor,MI,2020,Intimidation
df8374f3-a050-462d-88bf-fac94c0162d8,Livonia,MI,2020,Intimidation
44796de3-d9b2-425d-8876-161d37a3e0a3,Romulus,MI,2020,Intimidation
9b02b8b5-24b9-48de-8438-ce8fb047bdb4,St. Paul,MN,2020,Intimidation
208fcee0-0088-4002-ac9f-bb40a0ddd66f,Belton,MO,2020,Destruction/Damage/Vandalism of Property
fad44a30-a72b-40d8-b5d4-d918db017a37,Kansas City,MO,2020,Simple Assault
f89689ed-4343-4f90-a37c-7d97240fad3e,Fargo,ND,2020,Simple Assault
27c6cf58-83a8-4bd2-8a08-a8720b588b7e,Glen Rock,NJ,2020,Destruction/Damage/Vandalism of Property
80d3ba80-db4e-4db7-9ad8-d6c32f461015,Camden County Police Department,NJ,2020,Intimidation
36188f81-4603-400b-9ab8-9072e51ea895,Raritan Township,NJ,2020,Intimidation
f92887a0-862e-4764-80dc-9c2eb042f4f1,Freehold Borough,NJ,2020,Intimidation
a729a3c3-5c76-4920-85b8-bb16eec8b623,Hackettstown,NJ,2020,Intimidation
9443513f-fff8-482d-b345-ab59c477df7b,Albuquerque,NM,2020,Simple Assault
753a851b-7595-48f6-8014-433b8e53def1,Albuquerque,NM,2020,Destruction/Damage/Vandalism of Property
e8d9d613-5a24-4590-806e-7f592eddf9d4,Las Vegas Metropolitan Police Department,NV,2020,Aggravated Assault
95bbf0a3-c9f7-4f4d-9f05-2ba7db1beea4,Las Vegas Metropolitan Police Department,NV,2020,Simple Assault
38043c93-383e-4550-b7fb-678e4fcbd2aa,Las Vegas Metropolitan Police Department,NV,2020,Destruction/Damage/Vandalism of Property
dd676072-ea71-4613-9eeb-3985727bd49f,Buffalo,NY,2020,Intimidation
94416c4c-74ed-40a8-82ab-50ba4076281b,New York,NY,2020,Simple Assault
f1323df5-1033-4a28-8b37-0951f485d898,New York,NY,2020,Simple Assault
479596ca-296f-4a9d-9735-fd82536b9321,New York,NY,2020,Aggravated Assault
c0f4abb6-3d50-46ae-89bc-e940f404749c,New York,NY,2020,Aggravated Assault
714bb17e-373d-4cae-ba33-8082d259b8b7,New York,NY,2020,Robbery
28c422f9-5805-4d6a-8e8b-9f49e100201a,New York,NY,2020,Aggravated Assault
ba2682b4-a90d-4232-8aee-0e088a5c5c92,New York,NY,2020,Simple Assault
fb58e1cc-ecb0-4725-af3f-f2949f405e9d,New York,NY,2020,Simple Assault
a0c21bf4-7a1b-4aad-89be-c68178683f59,New York,NY,2020,Destruction/Damage/Vandalism of Property
2174ad61-70cc-48e8-9411-d707b5860d3c,New York,NY,2020,Aggravated Assault
2c465d29-9765-4edd-80ec-5971cb6dcba2,State Police:,NY,2020,Simple Assault
b00b3485-24ca-410c-a0b2-029535ec2e4a,State Police:,NY,2020,Simple Assault
8444f087-f70f-4ebc-8928-6e56b41317fe,Cleveland,OH,2020,Simple Assault
d5dc6919-df88-486c-bfc2-747f9863a807,Cleveland,OH,2020,Intimidation
6d936059-bcaf-4fc7-96cb-a9e147cf8993,Cleveland,OH,2020,All Other Larceny
d1d4782d-2fe5-449f-96e0-f5be99ab0750,Cleveland,OH,2020,Intimidation
528a3171-f64f-423d-9039-0e6f6a9edae9,Cleveland,OH,2020,Destruction/Damage/Vandalism of Property
c33a52e3-878d-497b-8495-bafd2de4c5de,Cleveland,OH,2020,Destruction/Damage/Vandalism of Property
82750486-fb63-4a7e-8054-f69114fce2aa,Cleveland,OH,2020,Weapon Law Violations
155d8444-1774-4e8e-8aea-3f70a52f3048,Cleveland,OH,2020,Simple Assault
c10c9e45-3547-4014-b441-bb2a942e3259,Cleveland,OH,2020,All Other Larceny
7ce47758-e320-4c4a-a3f5-b6e4aa73b87f,Cleveland,OH,2020,Fondling
b755a974-0071-4db0-b524-cb04e085010b,Cleveland,OH,2020,Simple Assault
71463082-284c-4dd3-b31d-d4884e9b19f0,Cleveland,OH,2020,All Other Larceny
6794cb01-ed27-429d-ab84-4f99ed50dbc7,Cleveland,OH,2020,All Other Larceny
908b912f-a4b4-4417-90aa-fcb3198e6326,Cleveland,OH,2020,Destruction/Damage/Vandalism of Property
49ecbf78-5ad2-4a36-8db1-4d2410039305,Cleveland,OH,2020,Intimidation
62454bf8-c010-4564-a1a6-9571f3a748b9,Cleveland,OH,2020,Intimidation
53abf2fc-bb86-4311-9e4e-75b354fb8e15,Cleveland,OH,2020,Robbery
120a19d2-6a44-4a00-8806-486dbfe887f1,Oklahoma City,OK,2020,Motor Vehicle Theft;Theft From Motor Vehicle
6849f3ce-9986-46a2-858a-98daee5ea451,Clackamas,OR,2020,Robbery
5f63c89d-8bff-4a45-b568-7fb005404719,Oregon City,OR,2020,Intimidation
fce608b1-b603-48d7-8c60-cf444a104468,Oregon City,OR,2020,Destruction/Damage/Vandalism of Property
5b1f4aed-f2b4-4051-bed6-7bfbc0d68b44,Jackson,OR,2020,Intimidation
239d86ba-8747-424b-aa6b-ad9c60273926,Eugene,OR,2020,Aggravated Assault;Kidnapping/Abduction
44835d4b-0f77-48d1-9c42-9f48fdf2269a,Salem,OR,2020,Simple Assault
acd0cf1e-8bc4-4c7f-a818-601067045c80,Hubbard,OR,2020,Simple Assault
2a34a036-7a25-443a-819f-2f858a44c4b2,Philadelphia,PA,2020,Intimidation
682219fb-e628-41a6-a5ca-a7bafc0ab03d,Philadelphia,PA,2020,Aggravated Assault
42ba36ef-ae2a-4b05-9536-02f12ad7a168,Brown University,RI,2020,Simple Assault
f2a0bfc1-f27b-474d-9ad9-77217e4476a2,Mauldin,SC,2020,Intimidation
79c1c189-8f13-4791-9b7f-4123fb7a0334,North Myrtle Beach,SC,2020,Intimidation
cee9a7b4-ff8c-479b-8184-c3658ec464d7,Easley,SC,2020,Destruction/Damage/Vandalism of Property
c720b911-c583-4b4c-ae76-3df4638edab3,Rapid City,SD,2020,Simple Assault
de148b10-6449-4539-980c-f4975c849dd8,Collierville,TN,2020,Intimidation
9763c0f1-939d-4900-b904-82d1959b0bcd,Ennis,TX,2020,Shoplifting
adcc394e-d2d7-4cea-89eb-1a18bed29f62,Houston,TX,2020,Aggravated Assault
01a20fc5-dcea-4566-95d5-b433dbf8c0da,Houston,TX,2020,Aggravated Assault
38187c3e-ce45-4bba-9ae5-6c13c9ee720e,Houston,TX,2020,Simple Assault
56ce3726-16b7-4bdd-a391-a2a68a1fd92c,San Antonio,TX,2020,Simple Assault
493d844c-c9f7-4ae5-a6e0-78e8e7a5a621,Ogden,UT,2020,Simple Assault
7dc55c01-e4f8-40c9-9c97-f0021a876b73,Prince William County Police Department,VA,2020,Aggravated Assault
5a9bc59f-5c1b-4283-a21d-8df7e504fbdf,Big Stone Gap,VA,2020,Simple Assault
2c9f0e6b-3918-49ec-85d1-a69224ba45d2,Clallam,WA,2020,Burglary/Breaking & Entering
eebc3549-f084-49b1-bb28-78ae422aa7bf,Sequim,WA,2020,Destruction/Damage/Vandalism of Property
c6e302c8-735f-498c-a960-31c49213a094,Aberdeen,WA,2020,Weapon Law Violations
4121c056-d5ed-40d5-9863-3f5be23d1108,Bellevue,WA,2020,Intimidation
eaba238e-1697-42cd-bfd2-e86ef3904ec5,Bothell,WA,2020,Animal Cruelty
46af7f78-80c3-4d30-a397-fe33a47edafb,University of Washington,WA,2020,Destruction/Damage/Vandalism of Property
ec1d6ef0-21dd-4803-82f1-135c81a09945,University of Washington,WA,2020,Theft From Motor Vehicle
521ed16a-d659-4fb1-ba3e-9427b9847e46,University of Washington,WA,2020,Shoplifting
07e5a7d2-5471-43d5-a4f9-9a674a78e54b,Skagit,WA,2020,Destruction/Damage/Vandalism of Property
07a65c31-f8e7-472f-90e1-a538ad10b202,Spokane,WA,2020,Simple Assault
92ef2397-b54f-4ad5-a32e-cb1110fd19f5,Spokane,WA,2020,Simple Assault
295e7cfc-4dac-4934-bd27-e60a716bcfdc,Western Washington University,WA,2020,Identity Theft
296aef7e-b3c8-47b7-9c6d-549c40a31548,Seattle,WA,2020,Simple Assault
97851472-2eb0-43a1-91fd-5f45d4aec752,Seattle,WA,2020,Simple Assault
229c49dd-e84f-411c-baaa-48ff132b19bc,Seattle,WA,2020,Aggravated Assault
5d71f52b-45b5-4c09-80a4-6582a537d63c,Seattle,WA,2020,Simple Assault
6e2da571-d776-48d2-b4d8-fcab7743917a,Seattle,WA,2020,Intimidation
b7514cfb-a0c9-4485-80fa-fe406dcb5f16,Seattle,WA,2020,Burglary/Breaking & Entering;Intimidation
ea451fac-4df1-4fa2-9f6a-173387df3672,Rhinelander,WI,2020,Weapon Law Violations
ee1096d3-4b0d-4209-8e7d-d813b01e5a0f,Appleton,WI,2020,Simple Assault
